time,open,high,low,close,vwap,volume,count
2024-11-23 17:07:00,3401.85,3403.09,3398.79,3398.79,3401.41,1.64594272,19
2024-11-23 17:08:00,3400.80,3400.80,3395.78,3398.99,3398.87,6.13974068,23
2024-11-23 17:09:00,3399.00,3408.69,3399.00,3408.69,3402.63,58.31780107,30
2024-11-23 17:10:00,3408.70,3413.27,3407.07,3408.67,3409.99,10.93191526,28
2024-11-23 17:11:00,3408.69,3414.06,3407.01,3414.05,3409.26,8.47630864,32
2024-11-23 17:12:00,3414.06,3416.28,3414.06,3415.75,3414.69,3.68171325,16
2024-11-23 17:13:00,3416.28,3416.28,3416.28,3416.28,3416.28,0.01599471,2
2024-11-23 17:14:00,3416.27,3416.27,3414.76,3415.67,3415.60,0.30254299,7
2024-11-23 17:15:00,3416.11,3416.28,3412.87,3412.87,3414.55,2.59767377,13
2024-11-23 17:16:00,3412.87,3412.87,3409.45,3411.69,3411.84,9.06211661,12
2024-11-23 17:17:00,3412.89,3414.90,3411.50,3412.31,3412.59,11.58852878,19
2024-11-23 17:18:00,3412.73,3414.32,3412.73,3413.51,3413.65,4.04928271,8
2024-11-23 17:19:00,3413.51,3415.98,3411.99,3415.98,3414.49,29.69526542,14
2024-11-23 17:20:00,3416.27,3417.23,3414.01,3414.01,3415.41,182.65369083,47
2024-11-23 17:21:00,3414.06,3414.20,3413.75,3413.75,3414.05,13.32492503,5
2024-11-23 17:22:00,3413.76,3416.69,3413.76,3416.69,3414.94,2.26043087,11
2024-11-23 17:23:00,3417.68,3425.14,3417.68,3425.14,3420.07,96.28346225,52
2024-11-23 17:24:00,3424.75,3425.88,3424.29,3425.88,3425.55,63.47168791,24
2024-11-23 17:25:00,3425.46,3427.23,3424.39,3424.79,3425.80,46.72640137,38
2024-11-23 17:26:00,3423.63,3424.03,3421.93,3422.27,3422.71,1.74834730,14
2024-11-23 17:27:00,3422.86,3425.49,3422.86,3425.49,3425.28,17.59908107,15
2024-11-23 17:28:00,3426.00,3430.73,3426.00,3430.73,3429.41,2.42696427,25
2024-11-23 17:29:00,3432.17,3434.24,3431.70,3434.08,3433.71,4.69825436,23
2024-11-23 17:30:00,3433.50,3434.77,3431.07,3431.74,3433.56,40.85801999,29
2024-11-23 17:31:00,3430.77,3436.78,3430.77,3436.13,3436.01,87.19017911,28
2024-11-23 17:32:00,3436.96,3436.96,3433.39,3433.92,3434.47,3.64216976,7
2024-11-23 17:33:00,3435.00,3437.96,3435.00,3437.96,3435.58,3.86834726,20
2024-11-23 17:34:00,3437.95,3437.95,3434.48,3434.51,3437.40,1.30002301,8
2024-11-23 17:35:00,3433.91,3435.25,3433.91,3435.25,3434.64,3.02490665,9
2024-11-23 17:36:00,3435.24,3438.99,3435.24,3438.99,3436.59,5.06294866,24
2024-11-23 17:37:00,3438.41,3440.80,3437.96,3439.45,3438.37,14.08047284,20
2024-11-23 17:38:00,3438.31,3438.65,3436.26,3436.64,3436.76,6.27152499,10
2024-11-23 17:39:00,3437.37,3437.37,3434.48,3434.48,3435.45,1.84117873,8
2024-11-23 17:40:00,3434.47,3435.73,3433.39,3435.73,3434.94,36.46560029,20
2024-11-23 17:41:00,3435.04,3437.72,3434.45,3434.45,3435.88,0.73133413,9
2024-11-23 17:42:00,3434.46,3434.46,3433.00,3434.46,3433.33,1.32927505,10
2024-11-23 17:43:00,3434.45,3434.45,3433.00,3433.00,3433.40,3.62097362,14
2024-11-23 17:44:00,3433.01,3435.26,3433.01,3434.47,3434.24,6.75686748,19
2024-11-23 17:45:00,3433.00,3434.28,3433.00,3434.28,3433.10,0.37049697,6
2024-11-23 17:46:00,3434.27,3434.27,3433.49,3434.12,3434.11,2.38868288,5
2024-11-23 17:47:00,3433.02,3434.46,3433.00,3434.08,3433.54,40.06772332,12
2024-11-23 17:48:00,3434.28,3434.28,3433.05,3433.05,3434.24,0.25786193,2
2024-11-23 17:49:00,3433.01,3434.63,3433.01,3434.51,3433.13,23.79667661,8
2024-11-23 17:50:00,3434.59,3434.77,3433.35,3433.35,3434.36,6.24983112,12
2024-11-23 17:51:00,3433.35,3435.65,3433.35,3435.65,3434.93,1.27571830,15
2024-11-23 17:52:00,3434.91,3435.01,3428.55,3428.55,3433.34,20.74283521,16
2024-11-23 17:53:00,3427.77,3428.81,3426.23,3426.23,3428.15,1.84435522,8
2024-11-23 17:54:00,3426.41,3428.61,3426.19,3428.60,3428.03,6.14047502,9
2024-11-23 17:55:00,3428.89,3430.58,3428.03,3430.57,3428.85,7.31732702,27
2024-11-23 17:56:00,3430.57,3430.58,3430.05,3430.58,3430.55,4.13747152,8
2024-11-23 17:57:00,3431.83,3431.83,3431.82,3431.82,3431.82,2.88970788,8
2024-11-23 17:58:00,3431.83,3432.52,3430.58,3430.58,3431.58,6.11069569,30
2024-11-23 17:59:00,3431.27,3432.75,3431.27,3431.52,3432.44,9.72774176,11
2024-11-23 18:00:00,3431.53,3431.53,3426.00,3426.00,3430.81,7.18131958,19
2024-11-23 18:01:00,3426.62,3426.62,3422.60,3424.32,3424.75,6.47422532,13
2024-11-23 18:02:00,3424.93,3424.93,3422.26,3422.26,3424.31,6.97330322,11
2024-11-23 18:03:00,3422.26,3422.26,3413.43,3413.43,3420.90,27.95769215,29
2024-11-23 18:04:00,3413.43,3414.19,3413.33,3414.19,3413.48,8.98673666,36
2024-11-23 18:05:00,3413.33,3416.36,3411.52,3416.36,3413.58,99.17414816,20
2024-11-23 18:06:00,3416.10,3419.86,3415.36,3419.86,3416.14,2.22954727,17
2024-11-23 18:07:00,3420.00,3420.00,3413.54,3413.54,3415.76,0.24581527,7
2024-11-23 18:08:00,3414.86,3416.86,3414.85,3416.72,3415.13,4.76901789,25
2024-11-23 18:09:00,3415.93,3416.86,3415.41,3416.86,3416.82,1.44428605,17
2024-11-23 18:10:00,3416.85,3420.00,3416.85,3420.00,3416.91,44.76968208,16
2024-11-23 18:11:00,3421.03,3422.76,3421.03,3422.13,3422.13,47.98666138,10
2024-11-23 18:12:00,3422.83,3423.11,3422.08,3422.86,3422.67,356.64264572,26
2024-11-23 18:13:00,3423.11,3427.69,3423.11,3426.69,3427.19,32.28676548,32
2024-11-23 18:14:00,3427.13,3428.04,3425.24,3425.98,3427.00,116.00898493,17
2024-11-23 18:15:00,3426.06,3428.13,3424.50,3424.50,3427.87,55.49651783,38
2024-11-23 18:16:00,3423.53,3424.01,3421.15,3421.15,3423.62,49.23393339,13
2024-11-23 18:17:00,3421.65,3424.24,3421.65,3424.23,3423.26,1.09049224,13
2024-11-23 18:18:00,3423.16,3423.16,3421.18,3421.47,3422.05,0.31239704,15
2024-11-23 18:19:00,3419.76,3422.62,3419.60,3422.46,3420.62,237.16895097,36
2024-11-23 18:20:00,3422.08,3422.08,3418.81,3419.74,3421.84,7.63015124,9
2024-11-23 18:21:00,3419.75,3423.31,3419.75,3423.31,3422.94,5.88579936,15
2024-11-23 18:22:00,3423.88,3424.17,3421.80,3421.80,3423.91,3.08132234,17
2024-11-23 18:23:00,3421.19,3422.31,3419.25,3419.25,3421.11,498.33625825,49
2024-11-23 18:24:00,3418.62,3424.30,3418.62,3424.30,3423.45,14.40923496,21
2024-11-23 18:25:00,3423.98,3424.01,3421.17,3422.73,3421.97,7.63760269,10
2024-11-23 18:26:00,3422.27,3424.21,3422.27,3424.21,3423.39,38.71424866,14
2024-11-23 18:27:00,3424.53,3426.99,3424.53,3426.13,3424.68,2.32799297,23
2024-11-23 18:28:00,3426.09,3428.78,3425.96,3427.45,3427.01,1.76265723,25
2024-11-23 18:29:00,3427.97,3431.75,3427.63,3430.50,3430.33,3.05623033,33
2024-11-23 18:30:00,3430.89,3430.89,3428.10,3428.20,3428.38,0.34465136,4
2024-11-23 18:31:00,3427.00,3427.00,3422.76,3424.48,3424.07,3.64122607,14
2024-11-23 18:32:00,3425.02,3425.03,3424.00,3424.00,3424.91,3.72024629,9
2024-11-23 18:33:00,3424.00,3424.00,3420.22,3420.22,3422.74,0.30192760,9
2024-11-23 18:34:00,3420.71,3423.93,3420.53,3423.93,3421.01,2.68554707,19
2024-11-23 18:35:00,3425.25,3426.68,3424.36,3426.68,3426.08,3.15415486,12
2024-11-23 18:36:00,3426.68,3430.58,3426.68,3430.47,3429.57,0.16025408,11
2024-11-23 18:37:00,3430.75,3434.70,3430.74,3434.60,3433.24,3.61288645,31
2024-11-23 18:38:00,3435.00,3435.00,3432.36,3433.36,3432.52,12.15405627,9
2024-11-23 18:39:00,3433.15,3433.16,3430.74,3430.75,3431.48,0.23751937,9
2024-11-23 18:40:00,3431.33,3431.33,3430.74,3430.86,3431.07,0.99622305,5
2024-11-23 18:41:00,3431.79,3434.71,3431.79,3434.71,3433.58,0.68155102,17
2024-11-23 18:42:00,3434.48,3434.49,3430.74,3430.98,3433.83,6.25264308,17
2024-11-23 18:43:00,3432.57,3434.17,3432.45,3434.16,3433.61,3.98117488,19
2024-11-23 18:44:00,3433.88,3433.88,3431.73,3431.98,3432.27,2.53128063,10
2024-11-23 18:45:00,3431.74,3434.98,3431.74,3433.04,3433.65,10.11289515,20
2024-11-23 18:46:00,3432.47,3433.82,3432.47,3433.65,3433.44,15.81970637,25
2024-11-23 18:47:00,3434.30,3436.08,3433.76,3434.93,3434.65,68.32901819,21
2024-11-23 18:48:00,3434.71,3434.81,3431.78,3431.78,3432.13,13.18488087,13
2024-11-23 18:49:00,3431.21,3431.38,3431.21,3431.32,3431.37,1.98262703,6
2024-11-23 18:50:00,3430.75,3431.38,3430.74,3430.74,3430.76,15.94708817,34
2024-11-23 18:51:00,3428.01,3428.98,3426.84,3428.98,3427.83,9.45906595,28
2024-11-23 18:52:00,3428.98,3430.01,3427.19,3428.60,3428.70,71.51069734,12
2024-11-23 18:53:00,3428.61,3428.62,3428.21,3428.30,3428.32,0.20708537,5
2024-11-23 18:54:00,3428.00,3428.62,3428.00,3428.61,3428.00,0.48892430,3
2024-11-23 18:55:00,3428.61,3428.61,3428.61,3428.61,0.00,0.00000000,0
2024-11-23 18:56:00,3428.62,3428.62,3428.61,3428.61,3428.61,7.83034640,6
2024-11-23 18:57:00,3428.62,3428.62,3428.62,3428.62,3428.62,0.03309211,1
2024-11-23 18:58:00,3428.62,3429.65,3428.62,3429.31,3429.46,2.73926921,13
2024-11-23 18:59:00,3429.65,3430.64,3428.70,3428.70,3429.46,2.20381489,10
2024-11-23 19:00:00,3428.79,3428.79,3424.75,3425.43,3427.07,1.62847653,15
2024-11-23 19:01:00,3424.85,3424.85,3424.85,3424.85,3424.85,3.04665899,2
2024-11-23 19:02:00,3428.13,3428.13,3426.09,3426.76,3426.55,5.64236981,7
2024-11-23 19:03:00,3424.91,3424.91,3423.81,3423.81,3423.84,4.74942932,6
2024-11-23 19:04:00,3423.82,3425.99,3423.82,3425.99,3425.05,1.64355630,7
2024-11-23 19:05:00,3426.30,3426.30,3425.13,3425.13,3425.70,0.52354822,4
2024-11-23 19:06:00,3424.15,3427.84,3424.15,3427.59,3427.68,5.54097229,13
2024-11-23 19:07:00,3428.43,3428.43,3426.25,3426.25,3426.66,0.90018709,7
2024-11-23 19:08:00,3426.24,3426.41,3426.24,3426.25,3426.27,2.57678506,16
2024-11-23 19:09:00,3426.25,3428.70,3426.25,3427.94,3427.70,5.55176350,46
2024-11-23 19:10:00,3427.85,3428.67,3427.85,3428.66,3428.59,0.15343711,5
2024-11-23 19:11:00,3427.23,3427.32,3426.60,3426.60,3427.24,0.16579298,3
2024-11-23 19:12:00,3427.28,3428.70,3426.86,3427.02,3427.71,5.37340609,12
2024-11-23 19:13:00,3426.25,3426.25,3422.79,3422.79,3423.55,40.69968349,8
2024-11-23 19:14:00,3422.80,3425.74,3422.80,3425.74,3425.30,4.36212460,10
2024-11-23 19:15:00,3425.73,3425.74,3425.73,3425.73,3425.73,8.87689361,13
2024-11-23 19:16:00,3425.73,3425.74,3423.88,3423.88,3425.52,28.68556665,16
2024-11-23 19:17:00,3423.84,3425.71,3423.84,3425.71,3424.59,28.96729260,21
2024-11-23 19:18:00,3425.71,3431.00,3425.71,3431.00,3428.45,74.18876638,48
2024-11-23 19:19:00,3431.01,3431.95,3431.01,3431.95,3431.89,16.22628879,22
2024-11-23 19:20:00,3431.96,3433.62,3431.49,3431.49,3431.78,17.15644020,12
2024-11-23 19:21:00,3432.03,3432.03,3431.71,3431.87,3431.86,10.04345188,11
2024-11-23 19:22:00,3433.56,3436.36,3433.56,3436.19,3436.02,35.79260721,32
2024-11-23 19:23:00,3436.19,3436.20,3436.19,3436.20,3436.19,1.51345540,11
2024-11-23 19:24:00,3436.19,3436.20,3435.75,3435.75,3436.17,1.47704715,8
2024-11-23 19:25:00,3435.75,3435.75,3435.74,3435.74,3435.74,0.00899812,2
2024-11-23 19:26:00,3435.75,3435.75,3435.00,3435.00,3435.42,0.97924475,8
2024-11-23 19:27:00,3434.66,3434.66,3426.55,3426.60,3433.40,25.79606652,23
2024-11-23 19:28:00,3426.60,3426.93,3423.51,3423.57,3425.70,2.89463411,9
2024-11-23 19:29:00,3424.24,3425.76,3423.78,3423.78,3424.53,5.32981815,16
2024-11-23 19:30:00,3424.06,3425.68,3424.06,3425.67,3425.64,119.64151755,8
2024-11-23 19:31:00,3425.68,3425.69,3424.99,3425.69,3425.66,1.48393764,4
2024-11-23 19:32:00,3425.69,3425.92,3422.91,3422.91,3425.15,2.81083286,11
2024-11-23 19:33:00,3422.79,3422.80,3418.48,3418.82,3419.98,64.35680183,19
2024-11-23 19:34:00,3418.39,3418.39,3416.83,3417.82,3417.32,50.68239505,20
2024-11-23 19:35:00,3417.21,3417.43,3413.14,3413.14,3416.06,76.90287462,19
2024-11-23 19:36:00,3413.15,3415.18,3413.15,3414.73,3414.41,98.41370268,24
2024-11-23 19:37:00,3415.17,3416.40,3415.17,3416.40,3415.37,25.67203909,25
2024-11-23 19:38:00,3416.40,3416.40,3415.00,3415.01,3415.07,46.00418805,35
2024-11-23 19:39:00,3415.00,3415.00,3412.40,3413.83,3413.27,3.12310353,21
2024-11-23 19:40:00,3412.12,3412.42,3411.01,3412.42,3412.22,5.07424162,15
2024-11-23 19:41:00,3412.43,3415.00,3412.42,3414.97,3412.73,159.17999462,28
2024-11-23 19:42:00,3415.00,3415.00,3411.86,3413.60,3414.19,7.07969307,22
2024-11-23 19:43:00,3412.73,3413.56,3411.39,3413.37,3412.51,200.84020630,29
2024-11-23 19:44:00,3411.92,3411.92,3408.91,3408.91,3409.82,1.49168076,14
2024-11-23 19:45:00,3409.57,3411.78,3407.80,3411.78,3409.58,4.44718138,23
2024-11-23 19:46:00,3412.00,3415.57,3412.00,3415.57,3415.00,1.35020308,15
2024-11-23 19:47:00,3415.57,3415.57,3412.79,3413.11,3413.36,7.91811924,12
2024-11-23 19:48:00,3414.00,3414.00,3413.98,3413.99,3413.98,28.13937929,13
2024-11-23 19:49:00,3413.99,3416.40,3413.99,3414.13,3414.25,192.18637967,21
2024-11-23 19:50:00,3413.93,3413.93,3412.18,3413.15,3412.97,2.14776151,11
2024-11-23 19:51:00,3413.77,3416.39,3413.77,3416.39,3415.64,12.50125194,6
2024-11-23 19:52:00,3416.40,3420.39,3416.40,3417.89,3416.40,20.33555476,25
2024-11-23 19:53:00,3416.44,3416.44,3413.63,3413.63,3415.55,6.72630986,10
2024-11-23 19:54:00,3414.93,3415.37,3410.35,3410.35,3414.92,36.71499443,13
2024-11-23 19:55:00,3410.08,3413.09,3409.83,3412.85,3411.76,5.91623346,13
2024-11-23 19:56:00,3412.66,3414.86,3412.66,3414.86,3412.83,0.37461702,6
2024-11-23 19:57:00,3414.49,3415.83,3412.67,3412.88,3414.15,0.36458474,11
2024-11-23 19:58:00,3412.66,3413.69,3412.66,3412.98,3413.12,0.13461063,5
2024-11-23 19:59:00,3412.66,3412.67,3412.66,3412.67,3412.66,1.52627446,19
2024-11-23 20:00:00,3412.66,3412.98,3410.24,3412.92,3412.63,0.63515139,13
2024-11-23 20:01:00,3410.21,3411.21,3408.92,3408.92,3410.63,0.55914533,8
2024-11-23 20:02:00,3408.91,3408.92,3406.57,3406.57,3408.10,27.72789130,14
2024-11-23 20:03:00,3406.38,3406.38,3404.58,3405.05,3404.62,7.14084876,14
2024-11-23 20:04:00,3406.39,3407.50,3405.47,3407.50,3406.38,66.60619511,18
2024-11-23 20:05:00,3406.92,3407.49,3406.92,3407.49,3407.14,26.34940000,8
2024-11-23 20:06:00,3407.49,3408.99,3407.12,3407.12,3407.81,103.00191898,24
2024-11-23 20:07:00,3405.68,3405.68,3404.18,3404.41,3404.82,56.20248078,22
2024-11-23 20:08:00,3403.08,3403.50,3402.26,3402.27,3402.60,1.16380227,9
2024-11-23 20:09:00,3402.27,3402.27,3402.22,3402.22,3402.22,0.55871564,4
2024-11-23 20:10:00,3401.82,3403.93,3400.00,3400.01,3401.57,2.45676680,24
2024-11-23 20:11:00,3400.00,3400.01,3399.00,3399.00,3399.99,10.72273595,28
2024-11-23 20:12:00,3398.99,3398.99,3396.46,3397.00,3397.23,156.88623095,30
2024-11-23 20:13:00,3397.00,3399.69,3397.00,3397.78,3397.01,83.49354698,29
2024-11-23 20:14:00,3397.41,3397.58,3396.02,3396.02,3397.39,51.25080619,13
2024-11-23 20:15:00,3395.99,3398.55,3395.99,3398.54,3398.41,102.14183045,14
2024-11-23 20:16:00,3397.70,3400.00,3396.99,3398.86,3398.75,200.27188628,18
2024-11-23 20:17:00,3400.42,3401.53,3400.41,3401.51,3401.06,104.31730725,19
2024-11-23 20:18:00,3401.52,3405.04,3401.51,3403.63,3404.03,337.06092581,56
2024-11-23 20:19:00,3402.86,3402.86,3397.15,3397.15,3399.54,204.84370434,20
2024-11-23 20:20:00,3396.94,3396.94,3393.81,3393.81,3395.49,136.00591584,31
2024-11-23 20:21:00,3393.83,3397.01,3393.83,3396.75,3395.36,1.33162691,15
2024-11-23 20:22:00,3396.60,3400.00,3395.80,3400.00,3397.15,7.28632654,15
2024-11-23 20:23:00,3399.26,3400.00,3399.26,3400.00,3399.27,10.81882731,4
2024-11-23 20:24:00,3399.99,3402.58,3399.99,3402.27,3400.00,525.25331337,47
2024-11-23 20:25:00,3401.50,3401.51,3396.34,3396.34,3399.44,0.48166579,9
2024-11-23 20:26:00,3393.68,3396.60,3393.68,3394.58,3395.73,3.64025132,15
2024-11-23 20:27:00,3393.20,3393.20,3389.68,3389.95,3390.64,11.41339897,35
2024-11-23 20:28:00,3389.74,3389.74,3385.00,3385.01,3385.77,43.85400920,68
2024-11-23 20:29:00,3385.47,3386.93,3382.59,3385.38,3384.71,54.31006900,44
2024-11-23 20:30:00,3385.67,3391.29,3383.65,3391.29,3387.06,2.38514310,22
2024-11-23 20:31:00,3393.29,3394.75,3391.00,3391.25,3392.59,1.16160772,12
2024-11-23 20:32:00,3395.05,3395.05,3391.13,3391.13,3393.43,0.84484671,9
2024-11-23 20:33:00,3393.34,3399.45,3393.34,3398.23,3397.95,16.47556678,16
2024-11-23 20:34:00,3398.54,3406.31,3398.54,3406.31,3403.76,1.31593154,18
2024-11-23 20:35:00,3405.28,3405.28,3400.96,3400.96,3403.91,0.57899861,6
2024-11-23 20:36:00,3400.97,3403.44,3400.97,3403.44,3402.15,0.59688683,9
2024-11-23 20:37:00,3403.45,3404.88,3400.95,3401.67,3401.13,8.54525400,16
2024-11-23 20:38:00,3401.65,3401.66,3400.96,3400.96,3401.64,19.40890045,8
2024-11-23 20:39:00,3400.96,3400.96,3397.90,3399.64,3400.84,0.94528637,6
2024-11-23 20:40:00,3399.64,3400.71,3394.68,3394.68,3395.13,2.65297621,9
2024-11-23 20:41:00,3395.38,3397.91,3395.38,3397.53,3397.00,1.15883606,8
2024-11-23 20:42:00,3398.13,3405.15,3398.13,3405.15,3401.29,3.91356089,23
2024-11-23 20:43:00,3404.76,3405.84,3404.44,3405.84,3404.81,0.10407091,6
2024-11-23 20:44:00,3406.08,3406.08,3406.08,3406.08,3406.08,1.21972416,4
2024-11-23 20:45:00,3406.09,3406.09,3406.08,3406.08,3406.08,4.08557037,7
2024-11-23 20:46:00,3406.08,3406.09,3406.08,3406.09,3406.08,1.14247623,5
2024-11-23 20:47:00,3406.09,3406.09,3406.09,3406.09,3406.09,0.08924520,4
2024-11-23 20:48:00,3406.08,3406.08,3405.14,3405.14,3405.43,3.72568518,19
2024-11-23 20:49:00,3405.14,3405.15,3403.40,3403.40,3405.13,18.69998337,19
2024-11-23 20:50:00,3405.16,3405.16,3401.78,3401.78,3404.05,0.45688320,8
2024-11-23 20:51:00,3403.03,3405.16,3402.29,3402.29,3404.75,2.14690114,9
2024-11-23 20:52:00,3403.22,3405.18,3403.22,3403.57,3404.55,1.72955027,10
2024-11-23 20:53:00,3403.37,3405.19,3403.37,3405.19,3403.64,3.36650836,7
2024-11-23 20:54:00,3405.18,3405.89,3405.04,3405.17,3405.12,1.60526185,11
2024-11-23 20:55:00,3405.30,3405.93,3405.30,3405.93,3405.33,78.25766413,15
2024-11-23 20:56:00,3405.93,3405.98,3405.92,3405.98,3405.97,11.69560051,9
2024-11-23 20:57:00,3405.99,3406.00,3405.44,3405.44,3405.86,0.03852118,4
2024-11-23 20:58:00,3405.25,3406.00,3405.25,3406.00,3405.87,2.06507181,10
2024-11-23 20:59:00,3405.99,3406.14,3405.99,3406.14,3406.03,4.82064263,20
2024-11-23 21:00:00,3406.14,3407.38,3406.14,3406.15,3406.28,0.33799458,16
2024-11-23 21:01:00,3407.27,3408.71,3407.27,3408.71,3408.04,0.13602605,11
2024-11-23 21:02:00,3408.71,3412.69,3408.71,3412.69,3410.95,0.57912871,17
2024-11-23 21:03:00,3412.69,3412.69,3407.14,3409.01,3407.38,51.23200837,17
2024-11-23 21:04:00,3409.32,3409.87,3408.11,3409.08,3408.38,5.42598492,11
2024-11-23 21:05:00,3409.31,3409.48,3409.08,3409.48,3409.16,0.04452443,3
2024-11-23 21:06:00,3409.48,3411.32,3409.48,3411.32,3410.43,21.06948952,15
2024-11-23 21:07:00,3410.43,3412.00,3410.43,3411.87,3411.67,5.09957700,8
2024-11-23 21:08:00,3412.70,3417.12,3412.70,3417.12,3416.00,1.69691054,26
2024-11-23 21:09:00,3418.12,3418.77,3418.12,3418.13,3418.70,5.43136608,9
2024-11-23 21:10:00,3418.43,3419.42,3418.25,3419.42,3419.24,4.95358960,7
2024-11-23 21:11:00,3419.55,3420.74,3419.55,3420.56,3420.28,0.22277097,15
2024-11-23 21:12:00,3420.46,3420.66,3420.45,3420.45,3420.45,2.54173996,12
2024-11-23 21:13:00,3420.45,3420.45,3419.00,3419.00,3419.01,57.74423820,14
2024-11-23 21:14:00,3419.01,3420.10,3419.00,3419.75,3419.66,2.24284925,9
2024-11-23 21:15:00,3419.02,3421.78,3419.02,3421.78,3419.78,3.76250118,14
2024-11-23 21:16:00,3421.77,3421.78,3421.77,3421.78,3421.77,0.03799988,2
2024-11-23 21:17:00,3421.77,3421.78,3420.68,3421.78,3421.08,5.09120009,7
2024-11-23 21:18:00,3421.05,3421.78,3421.05,3421.78,3421.74,0.03691236,8
2024-11-23 21:19:00,3421.78,3423.20,3421.78,3423.20,3422.41,1.69286699,14
2024-11-23 21:20:00,3423.33,3423.52,3423.30,3423.31,3423.31,1.12168476,14
2024-11-23 21:21:00,3423.31,3424.72,3423.30,3423.30,3424.41,4.82072542,23
2024-11-23 21:22:00,3423.31,3424.62,3423.31,3424.55,3424.41,5.68789795,15
2024-11-23 21:23:00,3423.31,3423.93,3423.31,3423.31,3423.37,3.46265117,6
2024-11-23 21:24:00,3423.30,3423.30,3420.15,3420.15,3421.68,1.11438298,12
2024-11-23 21:25:00,3419.83,3419.83,3418.58,3418.82,3418.86,0.97190603,8
2024-11-23 21:26:00,3418.31,3423.53,3418.31,3423.36,3419.55,7.21719480,13
2024-11-23 21:27:00,3422.33,3422.89,3422.33,3422.86,3422.33,4.77401215,3
2024-11-23 21:28:00,3422.26,3423.90,3422.26,3423.89,3423.08,0.20102546,4
2024-11-23 21:29:00,3423.89,3423.89,3423.89,3423.89,0.00,0.00000000,0
2024-11-23 21:30:00,3423.64,3424.25,3423.64,3423.64,3423.93,0.34941967,7
2024-11-23 21:31:00,3424.58,3425.00,3424.58,3425.00,3424.59,4.04959523,6
2024-11-23 21:32:00,3425.00,3427.36,3425.00,3427.36,3426.13,1.01731824,20
2024-11-23 21:33:00,3426.90,3428.88,3426.90,3428.88,3427.11,15.12320075,13
2024-11-23 21:34:00,3428.89,3428.89,3426.46,3426.47,3427.13,1.78647598,9
2024-11-23 21:35:00,3425.39,3425.40,3425.39,3425.40,3425.39,5.00000000,2
2024-11-23 21:36:00,3425.31,3425.61,3424.26,3425.61,3424.58,0.73946599,10
2024-11-23 21:37:00,3425.33,3427.08,3425.33,3427.08,3427.06,40.61568672,8
2024-11-23 21:38:00,3427.09,3428.89,3427.09,3428.89,3428.34,0.10918388,6
2024-11-23 21:39:00,3428.89,3428.89,3428.88,3428.88,3428.88,0.47141582,7
2024-11-23 21:40:00,3427.62,3428.89,3426.57,3426.57,3428.11,2.57169351,12
2024-11-23 21:41:00,3426.27,3428.89,3426.27,3428.08,3428.19,0.23009771,4
2024-11-23 21:42:00,3428.52,3428.89,3428.45,3428.89,3428.80,0.03521941,5
2024-11-23 21:43:00,3428.89,3428.89,3428.89,3428.89,3428.89,0.18240381,5
2024-11-23 21:44:00,3428.89,3428.89,3428.88,3428.88,3428.88,15.25069953,6
2024-11-23 21:45:00,3428.89,3430.99,3428.89,3430.99,3430.29,2.14655447,15
2024-11-23 21:46:00,3430.64,3430.64,3428.88,3428.88,3428.89,4.01811741,15
2024-11-23 21:47:00,3426.19,3426.19,3425.18,3425.36,3425.39,0.36270270,4
2024-11-23 21:48:00,3424.45,3424.45,3424.00,3424.00,3424.23,0.46335174,4
2024-11-23 21:49:00,3426.72,3428.04,3426.72,3428.04,3427.63,102.95028157,13
2024-11-23 21:50:00,3428.04,3428.04,3427.12,3427.12,3427.13,4.94029808,9
2024-11-23 21:51:00,3424.67,3424.67,3423.63,3423.64,3424.35,25.82285146,10
2024-11-23 21:52:00,3424.29,3424.29,3424.23,3424.23,3424.27,107.24066088,4
2024-11-23 21:53:00,3423.64,3425.49,3423.64,3423.64,3424.76,0.63191565,7
2024-11-23 21:54:00,3424.34,3425.63,3424.28,3424.54,3424.34,0.38876863,15
2024-11-23 21:55:00,3424.40,3424.41,3424.40,3424.40,3424.40,0.47196121,8
2024-11-23 21:56:00,3424.41,3424.41,3424.40,3424.40,3424.40,0.30560610,5
2024-11-23 21:57:00,3423.63,3423.63,3418.75,3419.50,3418.96,208.40458107,35
2024-11-23 21:58:00,3421.26,3421.26,3419.95,3419.95,3419.98,4.10464642,6
2024-11-23 21:59:00,3421.47,3422.20,3421.47,3421.95,3421.99,0.73763671,5
2024-11-23 22:00:00,3421.36,3421.36,3419.93,3420.90,3420.20,1.92407854,13
2024-11-23 22:01:00,3420.91,3420.91,3420.05,3420.52,3420.40,1.60148340,10
2024-11-23 22:02:00,3421.08,3424.02,3421.08,3423.58,3422.06,3.95536146,16
2024-11-23 22:03:00,3422.84,3422.84,3421.65,3422.56,3422.73,0.34732729,4
2024-11-23 22:04:00,3423.99,3425.99,3423.51,3425.99,3424.84,0.83641611,9
2024-11-23 22:05:00,3426.03,3427.30,3424.64,3425.15,3426.41,4.56662848,17
2024-11-23 22:06:00,3424.64,3427.01,3424.64,3427.01,3425.45,3.47237441,11
2024-11-23 22:07:00,3425.29,3426.80,3425.28,3426.26,3426.66,0.33110122,6
2024-11-23 22:08:00,3425.68,3425.68,3425.00,3425.00,3425.59,0.43415508,6
2024-11-23 22:09:00,3424.99,3425.00,3424.99,3424.99,3424.99,2.82082770,7
2024-11-23 22:10:00,3424.99,3425.00,3424.99,3425.00,3424.99,1.21512334,10
2024-11-23 22:11:00,3425.00,3425.00,3414.86,3414.89,3422.33,17.67282704,29
2024-11-23 22:12:00,3414.21,3414.21,3410.49,3411.20,3412.28,2.01019452,11
2024-11-23 22:13:00,3410.19,3412.00,3410.19,3412.00,3411.24,0.27751021,6
2024-11-23 22:14:00,3412.00,3412.57,3411.99,3412.57,3412.01,5.13769548,8
2024-11-23 22:15:00,3413.84,3414.86,3413.84,3414.81,3414.68,0.98501668,8
2024-11-23 22:16:00,3413.84,3413.85,3413.34,3413.34,3413.82,4.34871283,14
2024-11-23 22:17:00,3412.01,3412.01,3411.99,3411.99,3412.00,0.56514146,8
2024-11-23 22:18:00,3411.99,3411.99,3411.99,3411.99,0.00,0.00000000,0
2024-11-23 22:19:00,3409.99,3414.53,3409.99,3413.77,3414.11,3.55055425,12
2024-11-23 22:20:00,3412.80,3414.78,3412.80,3414.78,3414.16,0.41473238,3
2024-11-23 22:21:00,3414.95,3414.95,3414.95,3414.95,3414.95,0.62159578,4
2024-11-23 22:22:00,3414.95,3414.95,3414.54,3414.54,3414.55,0.58896458,7
2024-11-23 22:23:00,3414.27,3414.31,3414.27,3414.31,3414.30,0.50455895,2
2024-11-23 22:24:00,3413.36,3416.10,3413.36,3416.07,3415.22,0.43619884,7
2024-11-23 22:25:00,3416.06,3416.06,3412.81,3414.04,3414.21,0.63474640,10
2024-11-23 22:26:00,3413.75,3414.36,3413.32,3413.85,3414.28,102.08094111,61
2024-11-23 22:27:00,3413.11,3413.82,3412.89,3413.82,3413.42,0.16716569,9
2024-11-23 22:28:00,3413.83,3414.37,3413.83,3414.35,3413.88,0.29089254,8
2024-11-23 22:29:00,3414.37,3415.11,3414.37,3415.11,3414.45,0.17761361,2
2024-11-23 22:30:00,3415.11,3415.11,3415.11,3415.11,0.00,0.00000000,0
2024-11-23 22:31:00,3414.38,3416.88,3414.38,3416.14,3416.51,0.55270810,19
2024-11-23 22:32:00,3415.12,3415.12,3415.11,3415.11,3415.11,0.23495627,9
2024-11-23 22:33:00,3415.11,3415.11,3409.23,3409.23,3412.07,1.31417215,13
2024-11-23 22:34:00,3408.25,3408.25,3401.87,3401.87,3404.38,2.65669733,14
2024-11-23 22:35:00,3401.87,3401.87,3398.23,3398.23,3398.57,13.12927558,15
2024-11-23 22:36:00,3401.54,3401.55,3401.54,3401.55,3401.54,0.23725488,2
2024-11-23 22:37:00,3402.43,3404.30,3402.43,3403.09,3403.74,51.93751046,13
2024-11-23 22:38:00,3402.35,3403.44,3402.35,3403.28,3403.30,0.11509268,7
2024-11-23 22:39:00,3404.26,3404.26,3404.08,3404.12,3404.11,6.18679901,16
2024-11-23 22:40:00,3404.12,3404.12,3404.11,3404.11,3404.11,2.46611072,7
2024-11-23 22:41:00,3404.12,3405.74,3404.12,3405.65,3404.24,3.52465657,12
2024-11-23 22:42:00,3407.09,3407.09,3404.75,3404.91,3404.82,5.85134627,10
2024-11-23 22:43:00,3404.92,3405.40,3404.92,3405.40,3404.92,0.18567990,6
2024-11-23 22:44:00,3405.19,3405.19,3405.02,3405.15,3405.09,0.37089475,8
2024-11-23 22:45:00,3405.15,3405.15,3405.15,3405.15,3405.15,7.69168929,9
2024-11-23 22:46:00,3405.15,3405.15,3404.00,3404.01,3404.04,0.25040258,11
2024-11-23 22:47:00,3404.00,3405.13,3404.00,3405.13,3404.64,0.05033681,3
2024-11-23 22:48:00,3405.13,3407.10,3405.13,3407.10,3406.98,4.91717178,21
2024-11-23 22:49:00,3407.10,3409.11,3407.10,3409.11,3407.27,1.12302114,7
2024-11-23 22:50:00,3410.12,3411.85,3410.12,3411.31,3410.52,0.91430161,5
2024-11-23 22:51:00,3411.62,3411.62,3409.17,3409.30,3411.19,2.89828191,23
2024-11-23 22:52:00,3409.30,3409.65,3409.30,3409.30,3409.62,2.17796350,9
2024-11-23 22:53:00,3409.30,3409.91,3409.29,3409.91,3409.29,0.23431543,6
2024-11-23 22:54:00,3409.91,3414.02,3409.91,3414.02,3413.65,1.69947429,14
2024-11-23 22:55:00,3414.29,3414.40,3411.46,3411.46,3413.82,0.63057015,7
2024-11-23 22:56:00,3411.88,3411.88,3411.74,3411.74,3411.82,0.65741914,3
2024-11-23 22:57:00,3410.59,3410.59,3410.28,3410.28,3410.51,0.01906991,2
2024-11-23 22:58:00,3410.28,3410.43,3409.64,3409.64,3410.25,2.07556172,6
2024-11-23 22:59:00,3409.59,3409.64,3409.59,3409.64,3409.62,0.28328471,6
2024-11-23 23:00:00,3409.64,3409.64,3409.63,3409.64,3409.63,0.39781611,6
2024-11-23 23:01:00,3409.64,3409.64,3409.63,3409.64,3409.63,0.43637553,7
2024-11-23 23:02:00,3409.64,3409.64,3403.58,3403.58,3404.03,6.46621814,12
2024-11-23 23:03:00,3403.58,3403.58,3402.85,3402.85,3403.37,0.01496429,4
2024-11-23 23:04:00,3402.38,3402.39,3398.62,3399.02,3400.76,0.69424158,11
2024-11-23 23:05:00,3400.07,3403.83,3400.07,3403.83,3402.33,0.04516538,4
2024-11-23 23:06:00,3405.05,3407.24,3405.05,3407.24,3405.93,0.06122412,6
2024-11-23 23:07:00,3408.14,3409.77,3407.49,3409.77,3408.06,17.57448328,18
2024-11-23 23:08:00,3409.62,3410.60,3408.59,3408.59,3410.07,0.15072654,8
2024-11-23 23:09:00,3408.33,3408.33,3406.55,3406.92,3407.12,0.15169258,5
2024-11-23 23:10:00,3406.28,3407.53,3406.22,3407.53,3406.49,0.61730205,4
2024-11-23 23:11:00,3407.95,3407.96,3407.95,3407.96,3407.95,0.01858958,2
2024-11-23 23:12:00,3408.16,3408.44,3408.13,3408.44,3408.38,1.07071676,4
2024-11-23 23:13:00,3407.96,3407.96,3406.53,3407.00,3406.86,2.29678286,9
2024-11-23 23:14:00,3408.44,3408.45,3408.16,3408.16,3408.43,0.16883353,5
2024-11-23 23:15:00,3408.44,3408.44,3408.44,3408.44,3408.44,0.50216521,4
2024-11-23 23:16:00,3408.45,3408.45,3408.45,3408.45,3408.45,8.61121084,4
2024-11-23 23:17:00,3408.45,3408.45,3408.45,3408.45,3408.45,1.15676470,3
2024-11-23 23:18:00,3408.45,3408.45,3405.12,3405.33,3408.06,7.47072434,9
2024-11-23 23:19:00,3405.30,3405.30,3401.30,3401.45,3403.85,3.19064016,11
2024-11-23 23:20:00,3401.05,3401.47,3401.05,3401.47,3401.07,0.12464551,2
2024-11-23 23:21:00,3400.18,3400.19,3398.20,3398.20,3398.31,1.62542181,12
2024-11-23 23:22:00,3397.99,3397.99,3394.00,3394.00,3395.94,2.94530367,22
2024-11-23 23:23:00,3393.74,3393.74,3391.00,3391.00,3391.29,0.94305633,13
2024-11-23 23:24:00,3391.01,3391.01,3389.02,3389.03,3390.06,5.57347361,13
2024-11-23 23:25:00,3389.04,3391.02,3389.04,3391.02,3390.38,0.03827908,7
2024-11-23 23:26:00,3392.01,3394.12,3392.01,3394.08,3393.94,0.12941441,8
2024-11-23 23:27:00,3392.32,3392.50,3392.04,3392.50,3392.14,0.50908157,4
2024-11-23 23:28:00,3392.50,3392.50,3390.97,3390.97,3392.33,0.82739024,7
2024-11-23 23:29:00,3392.46,3392.50,3392.46,3392.49,3392.48,0.35454311,5
2024-11-23 23:30:00,3392.49,3392.50,3391.95,3391.95,3392.36,0.02522121,4
2024-11-23 23:31:00,3392.50,3394.41,3392.49,3394.41,3392.50,82.91791824,25
2024-11-23 23:32:00,3394.41,3395.00,3394.41,3394.99,3394.98,0.58972618,7
2024-11-23 23:33:00,3395.00,3395.00,3394.99,3394.99,3394.99,0.09225094,4
2024-11-23 23:34:00,3395.00,3395.00,3394.99,3395.00,3394.99,0.13474155,5
2024-11-23 23:35:00,3395.00,3397.62,3394.99,3397.62,3395.29,3.03953462,19
2024-11-23 23:36:00,3397.62,3398.59,3397.62,3398.59,3397.98,0.43165779,7
2024-11-23 23:37:00,3398.81,3398.81,3398.64,3398.64,3398.64,0.31367167,4
2024-11-23 23:38:00,3398.64,3398.64,3398.63,3398.63,3398.63,1.91108000,2
2024-11-23 23:39:00,3398.64,3399.45,3398.64,3399.44,3398.66,15.49962141,15
2024-11-23 23:40:00,3399.44,3399.45,3399.44,3399.45,3399.44,0.31147779,4
2024-11-23 23:41:00,3399.45,3401.14,3399.45,3401.14,3399.46,10.04415628,14
2024-11-23 23:42:00,3401.15,3402.07,3401.15,3401.34,3401.49,0.06973928,9
2024-11-23 23:43:00,3401.34,3402.16,3401.34,3401.35,3401.36,1.51055397,5
2024-11-23 23:44:00,3401.34,3401.34,3401.34,3401.34,3401.34,0.69208593,3
2024-11-23 23:45:00,3401.26,3401.34,3401.21,3401.30,3401.32,3.47055183,8
2024-11-23 23:46:00,3401.34,3401.34,3401.33,3401.33,3401.33,0.53986893,4
2024-11-23 23:47:00,3401.34,3401.34,3401.03,3401.03,3401.24,29.05385715,13
2024-11-23 23:48:00,3401.03,3401.04,3393.20,3393.25,3399.38,42.24775785,19
2024-11-23 23:49:00,3392.48,3392.48,3389.86,3389.86,3391.56,0.99091989,5
2024-11-23 23:50:00,3389.86,3389.86,3389.86,3389.86,3389.86,27.21497815,12
2024-11-23 23:51:00,3389.01,3389.01,3388.42,3388.42,3389.00,2.69055875,8
2024-11-23 23:52:00,3389.02,3391.17,3389.02,3391.17,3391.14,4.74827506,9
2024-11-23 23:53:00,3392.72,3395.16,3392.72,3395.16,3393.51,0.05031303,4
2024-11-23 23:54:00,3395.16,3396.03,3395.16,3396.02,3395.56,3.96347643,7
2024-11-23 23:55:00,3396.03,3396.03,3395.79,3395.79,3396.01,2.09188012,8
2024-11-23 23:56:00,3396.03,3399.21,3396.03,3399.21,3396.81,2.67294585,8
2024-11-23 23:57:00,3397.75,3398.46,3397.46,3397.46,3397.66,0.40185360,6
2024-11-23 23:58:00,3397.23,3397.45,3396.20,3397.45,3396.82,0.29666398,7
2024-11-23 23:59:00,3397.45,3397.45,3397.28,3397.28,3397.34,0.07550769,2
2024-11-24 00:00:00,3397.44,3397.60,3394.22,3394.22,3397.44,50.96269101,20
2024-11-24 00:01:00,3394.95,3398.21,3394.95,3398.21,3396.17,0.58261473,8
2024-11-24 00:02:00,3398.21,3400.00,3398.21,3400.00,3399.88,0.75995980,7
2024-11-24 00:03:00,3400.00,3402.53,3400.00,3402.53,3400.11,16.75755589,26
2024-11-24 00:04:00,3402.86,3402.97,3401.53,3401.53,3401.86,1.36811867,8
2024-11-24 00:05:00,3403.28,3406.69,3403.28,3406.69,3405.98,0.33418036,13
2024-11-24 00:06:00,3406.80,3406.92,3406.80,3406.92,3406.82,0.01365191,3
2024-11-24 00:07:00,3406.25,3406.25,3405.00,3405.00,3406.04,2.59771713,7
2024-11-24 00:08:00,3406.26,3407.69,3406.02,3407.69,3406.95,0.43167419,11
2024-11-24 00:09:00,3407.70,3412.11,3407.70,3412.11,3409.50,0.80665984,13
2024-11-24 00:10:00,3414.25,3417.13,3413.15,3417.13,3416.14,0.65155941,18
2024-11-24 00:11:00,3417.40,3418.44,3417.20,3417.20,3417.26,3.09819011,13
2024-11-24 00:12:00,3417.12,3417.12,3415.17,3415.17,3416.47,1.07122354,7
2024-11-24 00:13:00,3416.48,3416.48,3416.47,3416.47,3416.47,5.93867602,5
2024-11-24 00:14:00,3412.36,3416.69,3412.36,3415.95,3415.97,57.34049386,12
2024-11-24 00:15:00,3416.06,3418.06,3416.05,3417.91,3417.69,1.10083797,12
2024-11-24 00:16:00,3417.35,3417.35,3415.88,3415.88,3416.33,1.47748343,4
2024-11-24 00:17:00,3415.88,3415.88,3415.88,3415.88,3415.88,1.18343322,6
2024-11-24 00:18:00,3415.87,3417.69,3413.67,3417.21,3417.41,9.85901715,18
2024-11-24 00:19:00,3417.35,3417.35,3416.25,3417.05,3416.90,2.32907364,9
2024-11-24 00:20:00,3418.24,3419.97,3418.24,3419.97,3419.38,0.27360076,18
2024-11-24 00:21:00,3419.98,3420.00,3417.74,3417.74,3419.17,0.43832177,7
2024-11-24 00:22:00,3419.95,3420.00,3419.95,3420.00,3419.99,2.31698122,3
2024-11-24 00:23:00,3419.80,3420.00,3419.15,3419.79,3419.81,7.14300625,12
2024-11-24 00:24:00,3419.23,3420.00,3418.93,3420.00,3419.07,6.17316576,7
2024-11-24 00:25:00,3419.88,3420.00,3419.31,3420.00,3419.66,0.12976706,5
2024-11-24 00:26:00,3420.00,3424.64,3420.00,3424.63,3421.93,3.61165126,23
2024-11-24 00:27:00,3424.61,3424.61,3423.43,3423.79,3424.34,0.60554761,6
2024-11-24 00:28:00,3424.32,3425.00,3424.32,3425.00,3424.99,5.19943930,5
2024-11-24 00:29:00,3424.99,3428.26,3424.99,3428.26,3425.46,3.49478468,16
2024-11-24 00:30:00,3427.00,3428.46,3427.00,3427.60,3428.15,2.56255005,28
2024-11-24 00:31:00,3426.56,3427.39,3425.05,3425.05,3426.63,4.31895937,16
2024-11-24 00:32:00,3424.92,3426.68,3424.92,3425.25,3425.39,52.65580204,11
2024-11-24 00:33:00,3425.00,3425.65,3425.00,3425.65,3425.00,0.61541632,4
2024-11-24 00:34:00,3425.01,3425.01,3421.77,3422.92,3424.84,42.69683797,10
2024-11-24 00:35:00,3421.12,3421.12,3416.53,3417.65,3418.61,0.99383221,11
2024-11-24 00:36:00,3417.65,3419.97,3417.65,3419.97,3417.89,0.90661892,10
2024-11-24 00:37:00,3419.65,3419.65,3416.77,3416.77,3419.39,3.49653463,16
2024-11-24 00:38:00,3416.03,3416.72,3411.96,3411.96,3414.86,15.03901067,21
2024-11-24 00:39:00,3413.66,3413.66,3413.66,3413.66,3413.66,1.00124410,3
2024-11-24 00:40:00,3413.67,3416.06,3413.67,3416.06,3414.26,1.08203659,9
2024-11-24 00:41:00,3416.77,3416.78,3413.66,3413.66,3415.06,18.74579339,17
2024-11-24 00:42:00,3414.68,3414.68,3413.67,3413.67,3414.30,0.10198164,4
2024-11-24 00:43:00,3414.48,3414.61,3413.67,3414.61,3414.05,1.94062263,6
2024-11-24 00:44:00,3416.10,3417.06,3415.23,3415.93,3416.26,1.10585195,11
2024-11-24 00:45:00,3415.93,3415.93,3413.67,3414.38,3414.17,2.94660943,16
2024-11-24 00:46:00,3415.66,3420.00,3415.66,3420.00,3419.13,1.67677569,15
2024-11-24 00:47:00,3420.00,3420.00,3419.99,3420.00,3419.99,0.44713634,5
2024-11-24 00:48:00,3420.00,3422.34,3419.99,3422.34,3420.00,2.19201638,15
2024-11-24 00:49:00,3423.05,3423.05,3421.80,3421.98,3421.99,0.65327758,10
2024-11-24 00:50:00,3422.53,3423.67,3422.53,3423.67,3423.53,0.43846592,6
2024-11-24 00:51:00,3423.67,3423.67,3421.69,3421.69,3423.20,3.72019000,10
2024-11-24 00:52:00,3421.61,3421.86,3420.80,3421.32,3421.31,2.60732659,5
2024-11-24 00:53:00,3421.29,3422.00,3421.29,3422.00,3421.99,1.63141109,9
2024-11-24 00:54:00,3422.00,3427.27,3422.00,3426.58,3424.07,23.54570911,17
2024-11-24 00:55:00,3426.64,3426.72,3426.64,3426.72,3426.68,0.01889339,2
2024-11-24 00:56:00,3426.71,3426.72,3426.71,3426.72,3426.71,0.06911957,2
2024-11-24 00:57:00,3426.71,3426.71,3426.71,3426.71,3426.71,0.84590845,3
2024-11-24 00:58:00,3426.71,3426.71,3423.29,3423.30,3426.26,3.45240170,11
2024-11-24 00:59:00,3423.29,3423.30,3420.47,3421.51,3421.27,0.55293384,8
2024-11-24 01:00:00,3421.51,3423.06,3421.51,3422.34,3422.12,0.04740960,6
2024-11-24 01:01:00,3423.06,3425.19,3423.06,3423.90,3424.33,0.48920194,8
2024-11-24 01:02:00,3424.76,3424.76,3424.75,3424.75,3424.75,0.00947000,3
2024-11-24 01:03:00,3426.69,3426.70,3426.69,3426.70,3426.69,0.01682445,2
2024-11-24 01:04:00,3426.70,3427.82,3424.88,3424.89,3425.21,0.89865687,13
2024-11-24 01:05:00,3425.01,3425.01,3424.75,3424.77,3424.75,0.38998555,5
2024-11-24 01:06:00,3424.77,3428.10,3424.77,3428.10,3426.82,2.61220417,17
2024-11-24 01:07:00,3427.47,3433.02,3426.94,3433.02,3429.06,5.67634324,26
2024-11-24 01:08:00,3433.22,3436.67,3433.22,3436.67,3435.02,4.23304562,17
2024-11-24 01:09:00,3437.59,3437.59,3432.30,3432.30,3434.74,2.15730217,8
2024-11-24 01:10:00,3432.31,3432.31,3431.34,3431.34,3432.17,7.27297228,9
2024-11-24 01:11:00,3430.86,3431.05,3430.01,3430.01,3430.44,0.61001940,8
2024-11-24 01:12:00,3430.80,3430.99,3429.37,3430.87,3429.97,55.68098960,20
2024-11-24 01:13:00,3431.22,3431.22,3429.48,3429.48,3430.33,1.80395506,6
2024-11-24 01:14:00,3428.37,3428.37,3425.32,3425.32,3427.44,2.94162172,7
2024-11-24 01:15:00,3425.95,3426.74,3425.31,3425.31,3426.29,0.29091424,8
2024-11-24 01:16:00,3424.76,3424.76,3423.45,3423.64,3423.60,0.32570239,6
2024-11-24 01:17:00,3422.77,3422.80,3421.39,3421.94,3422.24,0.20751100,7
2024-11-24 01:18:00,3422.77,3422.77,3422.00,3422.00,3422.76,15.03489315,14
2024-11-24 01:19:00,3422.00,3422.00,3421.17,3421.57,3421.55,0.08686712,7
2024-11-24 01:20:00,3421.56,3421.57,3421.56,3421.57,3421.56,0.59202833,3
2024-11-24 01:21:00,3421.57,3421.57,3421.35,3421.56,3421.50,0.46346010,6
2024-11-24 01:22:00,3421.57,3421.57,3421.56,3421.56,3421.56,0.08702804,3
2024-11-24 01:23:00,3421.57,3421.66,3421.57,3421.66,3421.57,0.34732186,6
2024-11-24 01:24:00,3421.57,3421.57,3420.85,3420.85,3421.15,1.60941409,5
2024-11-24 01:25:00,3420.85,3422.65,3420.85,3422.65,3421.17,2.69848219,8
2024-11-24 01:26:00,3422.58,3422.85,3422.58,3422.84,3422.82,0.27655962,4
2024-11-24 01:27:00,3422.84,3422.84,3422.84,3422.84,3422.84,0.01620493,1
2024-11-24 01:28:00,3422.22,3422.22,3421.55,3421.55,3421.88,0.63930364,4
2024-11-24 01:29:00,3421.78,3421.78,3421.78,3421.78,3421.78,0.03666212,1
2024-11-24 01:30:00,3422.65,3424.47,3421.49,3424.47,3423.32,2.91505098,24
2024-11-24 01:31:00,3424.46,3425.12,3424.46,3424.81,3424.47,20.55462141,16
2024-11-24 01:32:00,3425.04,3425.04,3420.86,3420.86,3424.81,6.78443001,12
2024-11-24 01:33:00,3420.85,3424.02,3420.85,3423.25,3422.98,1.27263932,21
2024-11-24 01:34:00,3423.67,3424.09,3422.77,3424.09,3424.07,26.23849816,7
2024-11-24 01:35:00,3424.93,3425.43,3424.93,3425.43,3425.35,0.04163420,5
2024-11-24 01:36:00,3425.43,3427.14,3425.42,3425.42,3425.95,457.22623055,46
2024-11-24 01:37:00,3425.43,3425.43,3425.42,3425.42,3425.42,0.02088123,5
2024-11-24 01:38:00,3424.53,3424.53,3424.32,3424.32,3424.52,29.18845354,3
2024-11-24 01:39:00,3424.65,3424.66,3424.65,3424.66,3424.65,0.44388027,2
2024-11-24 01:40:00,3424.66,3425.43,3424.66,3425.43,3424.85,0.15855829,4
2024-11-24 01:41:00,3425.43,3426.97,3425.43,3426.97,3426.13,0.18519833,8
2024-11-24 01:42:00,3426.95,3426.95,3426.95,3426.95,3426.95,0.02493141,1
2024-11-24 01:43:00,3426.80,3426.80,3426.80,3426.80,3426.80,0.02719788,1
2024-11-24 01:44:00,3426.80,3426.80,3426.32,3426.32,3426.79,0.57412382,3
2024-11-24 01:45:00,3426.65,3426.76,3425.43,3425.43,3426.71,2.03980787,7
2024-11-24 01:46:00,3427.00,3430.33,3427.00,3430.33,3429.29,3.77449000,29
2024-11-24 01:47:00,3430.74,3433.09,3430.74,3432.60,3432.75,0.16485947,12
2024-11-24 01:48:00,3432.77,3435.08,3432.77,3434.29,3434.67,200.88151335,38
2024-11-24 01:49:00,3434.22,3434.46,3432.36,3432.36,3434.05,4.46841861,7
2024-11-24 01:50:00,3431.73,3431.91,3431.73,3431.91,3431.75,0.86729650,4
2024-11-24 01:51:00,3431.91,3435.60,3431.91,3435.43,3434.01,0.84020222,14
2024-11-24 01:52:00,3435.24,3436.16,3435.22,3435.36,3435.52,1.23079693,12
2024-11-24 01:53:00,3435.49,3435.83,3435.49,3435.72,3435.74,0.39740157,6
2024-11-24 01:54:00,3436.22,3438.56,3436.22,3438.56,3438.54,50.14969000,28
2024-11-24 01:55:00,3438.55,3440.71,3437.76,3437.76,3439.50,8.03696670,29
2024-11-24 01:56:00,3439.03,3439.03,3437.98,3438.29,3438.01,2.00253511,5
2024-11-24 01:57:00,3439.38,3439.38,3438.54,3438.54,3438.56,2.23021744,5
2024-11-24 01:58:00,3438.90,3439.06,3436.67,3436.67,3438.98,1.97755032,8
2024-11-24 01:59:00,3436.76,3437.21,3435.89,3436.96,3436.88,2.63893467,7
2024-11-24 02:00:00,3437.17,3437.17,3435.23,3435.23,3436.87,3.50412036,10
2024-11-24 02:01:00,3435.23,3437.56,3435.22,3437.52,3436.62,2.17426885,11
2024-11-24 02:02:00,3435.76,3435.76,3435.76,3435.76,3435.76,0.00478697,1
2024-11-24 02:03:00,3437.67,3440.85,3437.67,3440.84,3439.88,12.47548997,24
2024-11-24 02:04:00,3440.85,3442.72,3440.85,3442.72,3442.01,3.25699389,32
2024-11-24 02:05:00,3442.73,3442.73,3442.72,3442.72,3442.72,0.29065183,4
2024-11-24 02:06:00,3442.73,3448.34,3442.73,3448.34,3445.77,18.51200647,44
2024-11-24 02:07:00,3448.34,3450.00,3447.81,3448.46,3448.68,11.55681420,24
2024-11-24 02:08:00,3448.27,3448.27,3447.39,3447.39,3447.69,2.37873861,7
2024-11-24 02:09:00,3446.26,3446.57,3446.15,3446.19,3446.26,0.53169023,7
2024-11-24 02:10:00,3446.19,3448.31,3446.19,3448.08,3446.84,0.81557866,8
2024-11-24 02:11:00,3448.08,3448.08,3446.60,3446.88,3447.11,3.11862085,7
2024-11-24 02:12:00,3446.94,3449.21,3446.56,3449.21,3446.76,0.65116251,6
2024-11-24 02:13:00,3449.21,3451.00,3449.21,3451.00,3450.00,91.31351834,33
2024-11-24 02:14:00,3451.00,3451.00,3450.46,3450.46,3450.63,0.43302407,2
2024-11-24 02:15:00,3450.02,3450.02,3446.52,3446.68,3449.39,2.86246703,8
2024-11-24 02:16:00,3447.76,3447.76,3446.52,3446.56,3446.67,1.36569567,6
2024-11-24 02:17:00,3446.19,3446.19,3442.28,3443.35,3445.32,5.26937176,14
2024-11-24 02:18:00,3444.24,3444.24,3441.55,3441.55,3444.14,1.18701446,4
2024-11-24 02:19:00,3441.77,3442.59,3441.77,3442.37,3442.34,0.20581840,9
2024-11-24 02:20:00,3438.93,3439.20,3438.93,3439.20,3439.19,2.93625546,12
2024-11-24 02:21:00,3439.68,3440.73,3439.64,3439.75,3440.03,0.55001159,11
2024-11-24 02:22:00,3439.23,3442.53,3439.23,3441.61,3439.90,0.37634934,6
2024-11-24 02:23:00,3442.19,3442.19,3442.17,3442.17,3442.18,0.02998685,2
2024-11-24 02:24:00,3441.13,3442.20,3441.13,3442.20,3441.18,0.18749465,11
2024-11-24 02:25:00,3442.20,3442.20,3442.19,3442.19,3442.19,2.15291795,6
2024-11-24 02:26:00,3442.20,3445.46,3442.20,3445.46,3444.16,10.82532729,36
2024-11-24 02:27:00,3445.45,3445.46,3445.45,3445.45,3445.45,0.72952512,7
2024-11-24 02:28:00,3445.46,3448.71,3445.46,3448.05,3446.30,5.70425645,51
2024-11-24 02:29:00,3447.87,3447.87,3444.22,3444.22,3447.23,3.72656260,21
2024-11-24 02:30:00,3444.21,3446.25,3444.21,3446.17,3445.10,0.63759138,20
2024-11-24 02:31:00,3446.12,3446.12,3445.31,3445.31,3445.35,0.15307475,7
2024-11-24 02:32:00,3445.32,3445.51,3445.31,3445.32,3445.32,4.61709852,22
2024-11-24 02:33:00,3445.31,3446.30,3445.31,3446.09,3445.84,2.66107923,27
2024-11-24 02:34:00,3446.09,3447.69,3446.09,3446.35,3446.38,0.53587904,20
2024-11-24 02:35:00,3445.33,3445.33,3441.13,3441.27,3444.66,6.44385620,13
2024-11-24 02:36:00,3441.36,3442.40,3441.14,3442.10,3441.95,1.51313269,22
2024-11-24 02:37:00,3441.13,3441.14,3441.13,3441.14,3441.13,0.90107826,3
2024-11-24 02:38:00,3441.21,3441.21,3440.13,3440.14,3440.28,0.77097159,5
2024-11-24 02:39:00,3440.13,3441.02,3440.13,3441.02,3440.87,2.50289300,6
2024-11-24 02:40:00,3441.21,3442.58,3441.20,3441.85,3441.97,15.24768148,12
2024-11-24 02:41:00,3442.63,3442.80,3442.63,3442.79,3442.78,0.66392499,6
2024-11-24 02:42:00,3442.35,3442.80,3442.20,3442.80,3442.38,0.50519361,4
2024-11-24 02:43:00,3442.80,3442.80,3442.80,3442.80,3442.80,0.05933972,3
2024-11-24 02:44:00,3441.54,3442.31,3441.54,3441.72,3441.60,0.26072555,3
2024-11-24 02:45:00,3442.07,3442.57,3441.72,3442.54,3442.10,2.00009714,6
2024-11-24 02:46:00,3442.21,3442.23,3441.89,3441.89,3441.89,2.17752020,5
2024-11-24 02:47:00,3442.79,3442.79,3441.88,3441.88,3442.50,0.11300100,3
2024-11-24 02:48:00,3442.12,3442.47,3442.12,3442.33,3442.27,9.23372163,6
2024-11-24 02:49:00,3442.49,3442.49,3441.13,3441.13,3442.47,5.61888221,6
2024-11-24 02:50:00,3441.13,3441.13,3441.13,3441.13,3441.13,1.87808282,2
2024-11-24 02:51:00,3441.12,3441.12,3436.26,3436.74,3437.03,206.74686785,63
2024-11-24 02:52:00,3437.21,3437.21,3437.21,3437.21,3437.21,0.31448474,3
2024-11-24 02:53:00,3437.20,3437.44,3437.20,3437.44,3437.43,5.02586187,7
2024-11-24 02:54:00,3437.44,3437.44,3437.43,3437.44,3437.43,1.31859752,3
2024-11-24 02:55:00,3437.43,3437.44,3437.43,3437.44,3437.43,5.20685556,10
2024-11-24 02:56:00,3437.44,3437.44,3437.43,3437.43,3437.43,0.43517974,5
2024-11-24 02:57:00,3437.44,3437.44,3434.79,3434.98,3435.65,29.76388576,7
2024-11-24 02:58:00,3434.65,3435.98,3433.30,3435.98,3434.07,5.99409787,22
2024-11-24 02:59:00,3435.00,3435.01,3435.00,3435.01,3435.00,6.38554416,8
2024-11-24 03:00:00,3435.01,3435.01,3431.14,3432.76,3434.87,50.96857776,25
2024-11-24 03:01:00,3433.10,3433.10,3430.63,3431.39,3432.31,3.10040569,11
2024-11-24 03:02:00,3431.46,3432.01,3430.65,3432.01,3431.86,2.43830000,12
2024-11-24 03:03:00,3432.02,3432.02,3432.01,3432.01,3432.01,5.14746059,16
2024-11-24 03:04:00,3432.01,3432.02,3429.72,3430.09,3431.98,46.89824291,15
2024-11-24 03:05:00,3430.09,3430.46,3430.09,3430.46,3430.17,0.82449970,23
2024-11-24 03:06:00,3432.87,3433.56,3432.87,3433.56,3433.35,1.38156518,7
2024-11-24 03:07:00,3433.57,3435.38,3433.57,3434.77,3434.76,7.94837849,22
2024-11-24 03:08:00,3434.78,3434.78,3433.67,3433.78,3433.77,4.75377032,4
2024-11-24 03:09:00,3433.87,3435.18,3433.87,3435.10,3435.09,75.37691393,26
2024-11-24 03:10:00,3434.84,3434.84,3433.91,3434.72,3434.57,1.19184927,9
2024-11-24 03:11:00,3434.33,3434.84,3434.33,3434.84,3434.81,0.56332091,4
2024-11-24 03:12:00,3434.84,3434.84,3433.51,3433.51,3434.79,0.63993105,3
2024-11-24 03:13:00,3433.20,3433.61,3432.58,3433.61,3432.77,1.49069599,8
2024-11-24 03:14:00,3433.60,3434.61,3433.60,3434.60,3434.52,2.20985771,7
2024-11-24 03:15:00,3434.56,3434.56,3433.00,3433.01,3434.07,8.96885633,8
2024-11-24 03:16:00,3433.00,3433.00,3431.09,3432.98,3431.84,2.37922408,11
2024-11-24 03:17:00,3433.00,3435.19,3433.00,3435.19,3434.76,0.39396970,8
2024-11-24 03:18:00,3435.19,3435.32,3435.19,3435.32,3435.19,2.03630297,4
2024-11-24 03:19:00,3435.00,3435.00,3434.99,3435.00,3434.99,0.68321461,5
2024-11-24 03:20:00,3435.24,3435.31,3435.00,3435.00,3435.20,0.50477750,7
2024-11-24 03:21:00,3435.00,3435.00,3434.05,3434.05,3434.43,0.02442072,3
2024-11-24 03:22:00,3433.36,3435.97,3433.36,3433.92,3435.37,29.93245866,32
2024-11-24 03:23:00,3432.61,3432.77,3431.99,3432.20,3432.63,2.20142304,12
2024-11-24 03:24:00,3431.20,3432.28,3431.20,3432.10,3431.49,17.77697472,12
2024-11-24 03:25:00,3432.10,3432.10,3424.36,3424.60,3431.90,5.52782152,13
2024-11-24 03:26:00,3424.36,3426.32,3422.25,3426.32,3423.53,0.43011552,9
2024-11-24 03:27:00,3427.70,3428.72,3427.70,3428.36,3428.04,1.03013440,9
2024-11-24 03:28:00,3428.82,3428.82,3426.18,3426.95,3427.51,310.00736142,33
2024-11-24 03:29:00,3426.27,3426.47,3426.27,3426.47,3426.28,1.05460740,2
2024-11-24 03:30:00,3426.72,3428.00,3425.80,3425.80,3427.65,30.52635103,10
2024-11-24 03:31:00,3424.38,3425.11,3424.37,3424.38,3424.37,11.57056412,5
2024-11-24 03:32:00,3424.36,3426.88,3424.36,3426.88,3426.67,0.02452779,2
2024-11-24 03:33:00,3426.98,3426.98,3426.98,3426.98,3426.98,0.01864615,1
2024-11-24 03:34:00,3427.42,3428.19,3427.42,3428.19,3427.86,0.00862454,3
2024-11-24 03:35:00,3428.19,3429.17,3428.19,3429.17,3428.84,0.92388350,12
2024-11-24 03:36:00,3429.04,3429.04,3429.04,3429.04,3429.04,1.72851835,4
2024-11-24 03:37:00,3429.86,3429.86,3429.05,3429.05,3429.73,0.26216133,4
2024-11-24 03:38:00,3429.05,3429.05,3427.41,3427.41,3429.02,3.00984391,11
2024-11-24 03:39:00,3427.42,3427.42,3423.42,3424.40,3426.80,0.69136419,7
2024-11-24 03:40:00,3425.37,3425.37,3425.36,3425.36,3425.36,4.43014177,2
2024-11-24 03:41:00,3426.41,3427.30,3425.29,3427.30,3426.94,1.27311688,8
2024-11-24 03:42:00,3426.42,3426.42,3426.05,3426.16,3426.13,0.04872350,3
2024-11-24 03:43:00,3426.84,3426.89,3426.84,3426.89,3426.84,0.04934836,2
2024-11-24 03:44:00,3426.84,3426.95,3424.80,3426.95,3425.23,4.42728851,11
2024-11-24 03:45:00,3426.99,3427.79,3426.99,3427.79,3427.48,0.70679791,12
2024-11-24 03:46:00,3427.88,3427.88,3427.87,3427.87,3427.87,5.75621463,6
2024-11-24 03:47:00,3427.88,3429.91,3427.88,3429.90,3429.83,6.85120765,28
2024-11-24 03:48:00,3429.89,3429.89,3429.18,3429.32,3429.35,0.54551602,6
2024-11-24 03:49:00,3429.25,3429.59,3429.24,3429.59,3429.37,0.13267157,5
2024-11-24 03:50:00,3429.75,3429.90,3429.54,3429.90,3429.73,0.37590308,4
2024-11-24 03:51:00,3429.79,3429.79,3429.11,3429.11,3429.63,1.28284975,3
2024-11-24 03:52:00,3429.11,3429.11,3429.10,3429.10,3429.10,0.40186808,3
2024-11-24 03:53:00,3429.46,3429.47,3429.46,3429.47,3429.46,0.40329148,4
2024-11-24 03:54:00,3429.47,3429.47,3429.10,3429.11,3429.22,0.05353149,4
2024-11-24 03:55:00,3429.10,3429.10,3425.89,3425.89,3429.05,1.03891139,5
2024-11-24 03:56:00,3426.12,3427.67,3426.10,3427.67,3426.46,0.41703881,4
2024-11-24 03:57:00,3427.08,3429.90,3427.08,3429.90,3427.47,64.83039719,18
2024-11-24 03:58:00,3429.90,3429.90,3429.89,3429.89,3429.89,1.11920549,5
2024-11-24 03:59:00,3429.89,3429.90,3429.89,3429.90,3429.89,1.06948841,4
2024-11-24 04:00:00,3429.90,3429.90,3429.89,3429.89,3429.89,0.35925482,10
2024-11-24 04:01:00,3429.90,3429.90,3429.90,3429.90,3429.90,0.19092268,7
2024-11-24 04:02:00,3429.90,3429.90,3429.90,3429.90,0.00,0.00000000,0
2024-11-24 04:03:00,3429.89,3429.90,3429.89,3429.90,3429.89,1.46622791,6
2024-11-24 04:04:00,3429.90,3429.90,3429.90,3429.90,3429.90,1.41722865,5
2024-11-24 04:05:00,3429.90,3431.64,3429.90,3431.64,3429.92,29.78654697,24
2024-11-24 04:06:00,3431.80,3435.36,3431.80,3435.36,3432.93,0.27220365,10
2024-11-24 04:07:00,3435.36,3435.36,3435.36,3435.36,3435.36,3.19360809,5
2024-11-24 04:08:00,3435.35,3435.36,3434.56,3434.93,3435.34,13.12379949,12
2024-11-24 04:09:00,3434.82,3434.82,3434.20,3434.20,3434.25,0.61348553,8
2024-11-24 04:10:00,3434.38,3434.75,3434.17,3434.75,3434.73,0.55549062,6
2024-11-24 04:11:00,3432.71,3432.71,3430.41,3430.72,3430.72,0.56684010,7
2024-11-24 04:12:00,3429.89,3431.88,3429.89,3430.47,3430.90,0.39068526,9
2024-11-24 04:13:00,3429.89,3429.90,3429.89,3429.90,3429.89,0.05803831,4
2024-11-24 04:14:00,3429.89,3429.89,3429.84,3429.84,3429.88,4.59009189,11
2024-11-24 04:15:00,3429.84,3429.85,3426.48,3426.48,3429.79,0.34893259,6
2024-11-24 04:16:00,3426.43,3426.92,3425.21,3425.21,3425.67,4.16780352,9
2024-11-24 04:17:00,3425.16,3425.16,3422.90,3423.98,3422.94,0.92003411,10
2024-11-24 04:18:00,3423.47,3423.47,3422.90,3422.90,3422.97,0.15115730,3
2024-11-24 04:19:00,3422.91,3423.78,3422.91,3423.78,3423.04,0.10921179,6
2024-11-24 04:20:00,3423.73,3423.77,3423.73,3423.77,3423.76,0.22349000,2
2024-11-24 04:21:00,3423.73,3423.73,3422.90,3423.72,3423.72,0.59441289,7
2024-11-24 04:22:00,3423.72,3426.23,3423.72,3426.23,3423.81,0.30106927,4
2024-11-24 04:23:00,3426.19,3426.19,3426.14,3426.14,3426.17,0.06139104,6
2024-11-24 04:24:00,3426.14,3426.85,3425.08,3426.85,3425.94,0.34300046,12
2024-11-24 04:25:00,3426.92,3426.92,3426.91,3426.92,3426.91,0.75182350,7
2024-11-24 04:26:00,3427.81,3427.81,3427.24,3427.24,3427.70,0.27780167,5
2024-11-24 04:27:00,3427.11,3427.11,3426.77,3426.77,3426.84,0.84782755,7
2024-11-24 04:28:00,3427.07,3427.17,3426.74,3426.74,3427.06,0.23329340,3
2024-11-24 04:29:00,3426.74,3426.74,3426.74,3426.74,3426.74,0.28809591,2
2024-11-24 04:30:00,3426.74,3426.74,3426.39,3426.39,3426.72,0.19868811,9
2024-11-24 04:31:00,3426.58,3427.10,3426.58,3427.10,3427.08,11.07570795,9
2024-11-24 04:32:00,3427.19,3427.19,3422.91,3422.91,3424.90,10.40924234,14
2024-11-24 04:33:00,3422.91,3422.91,3422.91,3422.91,3422.91,0.12259544,3
2024-11-24 04:34:00,3422.90,3422.90,3417.88,3417.88,3421.46,2.49198410,15
2024-11-24 04:35:00,3417.88,3417.88,3417.88,3417.88,0.00,0.00000000,0
2024-11-24 04:36:00,3418.59,3418.59,3417.10,3417.10,3418.17,1.04991079,7
2024-11-24 04:37:00,3417.10,3417.10,3410.70,3410.70,3413.61,3.65889799,20
2024-11-24 04:38:00,3410.69,3411.16,3410.69,3410.88,3410.88,14.64961619,18
2024-11-24 04:39:00,3410.88,3410.88,3406.85,3406.95,3408.94,2.87109272,25
2024-11-24 04:40:00,3408.64,3408.64,3406.02,3406.02,3407.67,0.35894596,13
2024-11-24 04:41:00,3405.99,3408.21,3405.93,3408.21,3406.13,0.24429169,9
2024-11-24 04:42:00,3408.17,3408.64,3408.17,3408.64,3408.24,0.03209439,3
2024-11-24 04:43:00,3408.64,3409.81,3408.64,3409.81,3409.60,0.25450689,17
2024-11-24 04:44:00,3409.81,3411.94,3409.81,3411.94,3410.88,1.62504562,15
2024-11-24 04:45:00,3411.94,3413.48,3411.94,3412.97,3413.38,1.73898238,8
2024-11-24 04:46:00,3412.65,3416.11,3412.36,3416.11,3415.29,3.01244632,16
2024-11-24 04:47:00,3416.00,3416.18,3415.76,3415.76,3415.97,0.12069132,9
2024-11-24 04:48:00,3414.74,3414.86,3411.98,3413.65,3413.44,0.06353250,6
2024-11-24 04:49:00,3414.21,3414.38,3414.21,3414.38,3414.36,0.13707590,4
2024-11-24 04:50:00,3415.94,3415.94,3410.01,3410.01,3410.36,3.14250613,9
2024-11-24 04:51:00,3410.01,3410.01,3410.01,3410.01,3410.01,0.34837721,2
2024-11-24 04:52:00,3410.01,3410.01,3410.01,3410.01,0.00,0.00000000,0
2024-11-24 04:53:00,3410.01,3412.48,3410.01,3412.48,3410.50,0.14971226,4
2024-11-24 04:54:00,3412.60,3412.61,3412.17,3412.61,3412.52,1.01701031,8
2024-11-24 04:55:00,3413.69,3416.18,3413.69,3416.18,3415.75,0.10783028,8
2024-11-24 04:56:00,3416.18,3416.18,3416.06,3416.06,3416.13,0.26161916,2
2024-11-24 04:57:00,3416.18,3416.39,3416.17,3416.39,3416.17,1.02935753,9
2024-11-24 04:58:00,3416.49,3416.52,3416.49,3416.52,3416.50,0.00500000,2
2024-11-24 04:59:00,3416.52,3418.91,3416.52,3418.79,3418.25,0.21022504,9
2024-11-24 05:00:00,3418.74,3418.74,3417.32,3418.20,3417.89,7.26028479,18
2024-11-24 05:01:00,3417.61,3417.61,3416.51,3416.51,3416.62,5.43141459,18
2024-11-24 05:02:00,3416.44,3416.45,3416.44,3416.45,3416.44,2.00837646,6
2024-11-24 05:03:00,3416.40,3416.40,3416.39,3416.40,3416.39,0.27285588,4
2024-11-24 05:04:00,3416.40,3416.40,3416.39,3416.39,3416.39,2.66949473,7
2024-11-24 05:05:00,3416.40,3416.40,3416.40,3416.40,3416.40,0.00458049,1
2024-11-24 05:06:00,3416.40,3416.40,3416.40,3416.40,0.00,0.00000000,0
