timestamp,open_kraken,high_kraken,low_kraken,close_kraken,vwap,volume,count,high_coinbase,low_coinbase,open_coinbase,volumefrom,volumeto,close_coinbase,conversionType,conversionSymbol
2024-11-23 17:07:00,3401.85,3403.09,3398.79,3398.79,3401.41,1.64594272,19,3405.31,3397.78,3403.5,1934.85,6581309.92,3402.46,direct,
2024-11-23 17:08:00,3400.8,3400.8,3395.78,3398.99,3398.87,6.13974068,23,3403.16,3396.11,3402.46,2004.15,6812876.66,3399.43,direct,
2024-11-23 17:09:00,3399.0,3408.69,3399.0,3408.69,3402.63,58.31780107,30,3411.13,3399.43,3399.43,1577.32,5372991.83,3410.2,direct,
2024-11-23 17:10:00,3408.7,3413.27,3407.07,3408.67,3409.99,10.93191526,28,3413.89,3407.35,3410.2,2026.88,6911515.73,3410.66,direct,
2024-11-23 17:11:00,3408.69,3414.06,3407.01,3414.05,3409.26,8.47630864,32,3417.0,3407.45,3410.66,1660.59,5668149.06,3416.03,direct,
2024-11-23 17:12:00,3414.06,3416.28,3414.06,3415.75,3414.69,3.68171325,16,3418.63,3415.08,3416.03,1646.92,5627943.9,3416.84,direct,
2024-11-23 17:13:00,3416.28,3416.28,3416.28,3416.28,3416.28,0.01599471,2,3418.93,3413.66,3416.84,1307.04,4466552.19,3414.7,direct,
2024-11-23 17:14:00,3416.27,3416.27,3414.76,3415.67,3415.6,0.30254299,7,3417.46,3412.87,3414.7,1122.98,3835095.42,3416.6,direct,
2024-11-23 17:15:00,3416.11,3416.28,3412.87,3412.87,3414.55,2.59767377,13,3419.12,3410.89,3416.6,1286.07,4393735.13,3411.21,direct,
2024-11-23 17:16:00,3412.87,3412.87,3409.45,3411.69,3411.84,9.06211661,12,3414.56,3408.65,3411.21,1788.11,6100805.22,3411.73,direct,
2024-11-23 17:17:00,3412.89,3414.9,3411.5,3412.31,3412.59,11.58852878,19,3416.33,3410.64,3411.73,2142.46,7312415.46,3412.99,direct,
2024-11-23 17:18:00,3412.73,3414.32,3412.73,3413.51,3413.65,4.04928271,8,3416.4,3412.08,3412.99,1012.38,3456483.15,3412.5,direct,
2024-11-23 17:19:00,3413.51,3415.98,3411.99,3415.98,3414.49,29.69526542,14,3417.82,3411.91,3412.5,1091.13,3725831.21,3417.82,direct,
2024-11-23 17:20:00,3416.27,3417.23,3414.01,3414.01,3415.41,182.65369083,47,3418.51,3413.85,3417.82,1991.09,6801865.41,3415.09,direct,
2024-11-23 17:21:00,3414.06,3414.2,3413.75,3413.75,3414.05,13.32492503,5,3415.15,3412.26,3415.09,1028.31,3510746.84,3414.83,direct,
2024-11-23 17:22:00,3413.76,3416.69,3413.76,3416.69,3414.94,2.26043087,11,3419.97,3412.45,3414.83,1121.07,3829935.0,3419.6,direct,
2024-11-23 17:23:00,3417.68,3425.14,3417.68,3425.14,3420.07,96.28346225,52,3425.34,3418.71,3419.6,1441.12,4931862.19,3424.88,direct,
2024-11-23 17:24:00,3424.75,3425.88,3424.29,3425.88,3425.55,63.47168791,24,3427.24,3424.34,3424.88,1134.58,3886399.37,3425.67,direct,
2024-11-23 17:25:00,3425.46,3427.23,3424.39,3424.79,3425.8,46.72640137,38,3427.69,3424.15,3425.67,1008.3,3453993.22,3425.11,direct,
2024-11-23 17:26:00,3423.63,3424.03,3421.93,3422.27,3422.71,1.7483473,14,3425.32,3421.61,3425.11,802.89,2748497.55,3423.32,direct,
2024-11-23 17:27:00,3422.86,3425.49,3422.86,3425.49,3425.28,17.59908107,15,3426.49,3423.12,3423.32,713.87,2444798.29,3426.48,direct,
2024-11-23 17:28:00,3426.0,3430.73,3426.0,3430.73,3429.41,2.42696427,25,3432.84,3425.97,3426.48,1330.49,4562971.49,3432.73,direct,
2024-11-23 17:29:00,3432.17,3434.24,3431.7,3434.08,3433.71,4.69825436,23,3435.37,3431.68,3432.73,1885.69,6474470.32,3434.73,direct,
2024-11-23 17:30:00,3433.5,3434.77,3431.07,3431.74,3433.56,40.85801999,29,3434.85,3429.38,3434.73,1938.49,6654168.71,3430.06,direct,
2024-11-23 17:31:00,3430.77,3436.78,3430.77,3436.13,3436.01,87.19017911,28,3437.83,3430.06,3430.06,1282.64,4405863.05,3437.71,direct,
2024-11-23 17:32:00,3436.96,3436.96,3433.39,3433.92,3434.47,3.64216976,7,3437.83,3433.02,3437.71,1043.19,3583474.0,3434.32,direct,
2024-11-23 17:33:00,3435.0,3437.96,3435.0,3437.96,3435.58,3.86834726,20,3440.41,3433.87,3434.32,1217.92,4186924.4,3438.94,direct,
2024-11-23 17:34:00,3437.95,3437.95,3434.48,3434.51,3437.4,1.30002301,8,3439.2,3433.58,3438.94,1164.06,3999661.42,3434.35,direct,
2024-11-23 17:35:00,3433.91,3435.25,3433.91,3435.25,3434.64,3.02490665,9,3437.13,3432.01,3434.35,1186.25,4074086.49,3436.53,direct,
2024-11-23 17:36:00,3435.24,3438.99,3435.24,3438.99,3436.59,5.06294866,24,3441.58,3435.76,3436.53,1304.85,4488330.08,3438.9,direct,
2024-11-23 17:37:00,3438.41,3440.8,3437.96,3439.45,3438.37,14.08047284,20,3441.34,3438.02,3438.9,1016.22,3495741.88,3439.43,direct,
2024-11-23 17:38:00,3438.31,3438.65,3436.26,3436.64,3436.76,6.27152499,10,3440.02,3436.4,3439.43,759.39,2610654.14,3437.67,direct,
2024-11-23 17:39:00,3437.37,3437.37,3434.48,3434.48,3435.45,1.84117873,8,3438.55,3434.6,3437.67,941.38,3234931.57,3434.7,direct,
2024-11-23 17:40:00,3434.47,3435.73,3433.39,3435.73,3434.94,36.46560029,20,3436.03,3430.84,3434.7,1046.53,3592815.78,3435.0,direct,
2024-11-23 17:41:00,3435.04,3437.72,3434.45,3434.45,3435.88,0.73133413,9,3437.62,3433.77,3435.0,931.6,3200898.19,3434.68,direct,
2024-11-23 17:42:00,3434.46,3434.46,3433.0,3434.46,3433.33,1.32927505,10,3436.05,3432.18,3434.68,714.84,2454743.26,3434.67,direct,
2024-11-23 17:43:00,3434.45,3434.45,3433.0,3433.0,3433.4,3.62097362,14,3435.5,3430.94,3434.67,952.07,3268338.86,3431.48,direct,
2024-11-23 17:44:00,3433.01,3435.26,3433.01,3434.47,3434.24,6.75686748,19,3435.61,3430.58,3431.48,612.3,2102358.47,3434.08,direct,
2024-11-23 17:45:00,3433.0,3434.28,3433.0,3434.28,3433.1,0.37049697,6,3435.3,3431.24,3434.08,687.94,2361879.73,3435.3,direct,
2024-11-23 17:46:00,3434.27,3434.27,3433.49,3434.12,3434.11,2.38868288,5,3436.3,3432.76,3435.3,655.28,2250600.47,3433.27,direct,
2024-11-23 17:47:00,3433.02,3434.46,3433.0,3434.08,3433.54,40.06772332,12,3434.44,3431.31,3433.27,747.0,2564475.98,3434.26,direct,
2024-11-23 17:48:00,3434.28,3434.28,3433.05,3433.05,3434.24,0.25786193,2,3435.05,3431.68,3434.26,585.1,2009015.08,3431.68,direct,
2024-11-23 17:49:00,3433.01,3434.63,3433.01,3434.51,3433.13,23.79667661,8,3434.87,3431.1,3431.68,513.96,1764468.75,3434.66,direct,
2024-11-23 17:50:00,3434.59,3434.77,3433.35,3433.35,3434.36,6.24983112,12,3435.69,3431.33,3434.66,841.55,2889358.16,3434.07,direct,
2024-11-23 17:51:00,3433.35,3435.65,3433.35,3435.65,3434.93,1.2757183,15,3437.62,3433.95,3434.07,646.41,2221112.57,3437.35,direct,
2024-11-23 17:52:00,3434.91,3435.01,3428.55,3428.55,3433.34,20.74283521,16,3437.35,3428.34,3437.35,915.69,3143226.33,3428.34,direct,
2024-11-23 17:53:00,3427.77,3428.81,3426.23,3426.23,3428.15,1.84435522,8,3429.6,3425.04,3428.34,815.92,2796163.99,3425.86,direct,
2024-11-23 17:54:00,3426.41,3428.61,3426.19,3428.6,3428.03,6.14047502,9,3429.11,3425.72,3425.86,657.14,2252599.43,3428.87,direct,
2024-11-23 17:55:00,3428.89,3430.58,3428.03,3430.57,3428.85,7.31732702,27,3431.37,3427.68,3428.87,608.87,2088056.4,3429.74,direct,
2024-11-23 17:56:00,3430.57,3430.58,3430.05,3430.58,3430.55,4.13747152,8,3432.27,3427.56,3429.74,576.96,1978824.76,3431.91,direct,
2024-11-23 17:57:00,3431.83,3431.83,3431.82,3431.82,3431.82,2.88970788,8,3432.09,3430.44,3431.91,438.67,1505183.58,3431.54,direct,
2024-11-23 17:58:00,3431.83,3432.52,3430.58,3430.58,3431.58,6.11069569,30,3432.88,3430.11,3431.54,446.2,1531135.2,3430.56,direct,
2024-11-23 17:59:00,3431.27,3432.75,3431.27,3431.52,3432.44,9.72774176,11,3432.6,3430.42,3430.56,411.73,1412933.17,3431.48,direct,
2024-11-23 18:00:00,3431.53,3431.53,3426.0,3426.0,3430.81,7.18131958,19,3431.48,3426.05,3431.48,824.05,2825686.19,3426.05,direct,
2024-11-23 18:01:00,3426.62,3426.62,3422.6,3424.32,3424.75,6.47422532,13,3426.5,3422.69,3426.05,804.78,2756137.89,3423.79,direct,
2024-11-23 18:02:00,3424.93,3424.93,3422.26,3422.26,3424.31,6.97330322,11,3426.12,3419.15,3423.79,1153.25,3946730.13,3420.55,direct,
2024-11-23 18:03:00,3422.26,3422.26,3413.43,3413.43,3420.9,27.95769215,29,3420.56,3411.48,3420.55,1441.63,4924171.97,3412.58,direct,
2024-11-23 18:04:00,3413.43,3414.19,3413.33,3414.19,3413.48,8.98673666,36,3414.46,3412.58,3412.58,777.59,2654574.19,3413.26,direct,
2024-11-23 18:05:00,3413.33,3416.36,3411.52,3416.36,3413.58,99.17414816,20,3417.2,3408.58,3413.26,1116.73,3810761.88,3417.14,direct,
2024-11-23 18:06:00,3416.1,3419.86,3415.36,3419.86,3416.14,2.22954727,17,3420.47,3415.05,3417.14,917.11,3134591.4,3419.02,direct,
2024-11-23 18:07:00,3420.0,3420.0,3413.54,3413.54,3415.76,0.24581527,7,3421.36,3412.38,3419.02,1044.51,3568385.23,3413.76,direct,
2024-11-23 18:08:00,3414.86,3416.86,3414.85,3416.72,3415.13,4.76901789,25,3418.34,3413.72,3413.76,804.29,2747931.32,3416.75,direct,
2024-11-23 18:09:00,3415.93,3416.86,3415.41,3416.86,3416.82,1.44428605,17,3419.81,3414.58,3416.75,513.94,1756443.25,3419.06,direct,
2024-11-23 18:10:00,3416.85,3420.0,3416.85,3420.0,3416.91,44.76968208,16,3423.18,3417.14,3419.06,1006.13,3441818.15,3422.62,direct,
2024-11-23 18:11:00,3421.03,3422.76,3421.03,3422.13,3422.13,47.98666138,10,3424.84,3421.74,3422.62,859.22,2941163.7,3424.84,direct,
2024-11-23 18:12:00,3422.83,3423.11,3422.08,3422.86,3422.67,356.64264572,26,3424.99,3422.59,3424.84,1009.57,3456360.22,3423.06,direct,
2024-11-23 18:13:00,3423.11,3427.69,3423.11,3426.69,3427.19,32.28676548,32,3427.5,3423.06,3423.06,852.75,2921537.42,3426.64,direct,
2024-11-23 18:14:00,3427.13,3428.04,3425.24,3425.98,3427.0,116.00898493,17,3428.36,3424.97,3426.64,615.92,2110668.49,3425.76,direct,
2024-11-23 18:15:00,3426.06,3428.13,3424.5,3424.5,3427.87,55.49651783,38,3428.76,3424.07,3425.76,672.93,2306067.08,3424.09,direct,
2024-11-23 18:16:00,3423.53,3424.01,3421.15,3421.15,3423.62,49.23393339,13,3424.89,3420.9,3424.09,697.64,2388110.93,3421.68,direct,
2024-11-23 18:17:00,3421.65,3424.24,3421.65,3424.23,3423.26,1.09049224,13,3426.25,3421.04,3421.68,630.42,2158495.4,3421.08,direct,
2024-11-23 18:18:00,3423.16,3423.16,3421.18,3421.47,3422.05,0.31239704,15,3423.09,3420.94,3421.08,539.5,1845916.23,3421.29,direct,
2024-11-23 18:19:00,3419.76,3422.62,3419.6,3422.46,3420.62,237.16895097,36,3422.86,3418.81,3421.29,784.97,2684935.82,3422.39,direct,
2024-11-23 18:20:00,3422.08,3422.08,3418.81,3419.74,3421.84,7.63015124,9,3422.41,3417.92,3422.39,590.6,2019808.13,3418.85,direct,
2024-11-23 18:21:00,3419.75,3423.31,3419.75,3423.31,3422.94,5.88579936,15,3424.79,3418.22,3418.85,662.46,2266898.97,3424.7,direct,
2024-11-23 18:22:00,3423.88,3424.17,3421.8,3421.8,3423.91,3.08132234,17,3425.92,3421.63,3424.7,498.3,1706512.56,3421.64,direct,
2024-11-23 18:23:00,3421.19,3422.31,3419.25,3419.25,3421.11,498.33625825,49,3422.94,3419.05,3421.64,1176.62,4025220.79,3419.05,direct,
2024-11-23 18:24:00,3418.62,3424.3,3418.62,3424.3,3423.45,14.40923496,21,3424.22,3419.05,3419.05,518.05,1772587.6,3423.68,direct,
2024-11-23 18:25:00,3423.98,3424.01,3421.17,3422.73,3421.97,7.63760269,10,3423.68,3421.28,3423.68,464.05,1588200.31,3422.07,direct,
2024-11-23 18:26:00,3422.27,3424.21,3422.27,3424.21,3423.39,38.71424866,14,3425.51,3421.73,3422.07,700.08,2396551.69,3425.49,direct,
2024-11-23 18:27:00,3424.53,3426.99,3424.53,3426.13,3424.68,2.32799297,23,3427.21,3425.01,3425.49,494.69,1694902.11,3426.68,direct,
2024-11-23 18:28:00,3426.09,3428.78,3425.96,3427.45,3427.01,1.76265723,25,3429.11,3425.82,3426.68,445.59,1527225.73,3427.73,direct,
2024-11-23 18:29:00,3427.97,3431.75,3427.63,3430.5,3430.33,3.05623033,33,3432.12,3427.16,3427.73,536.14,1838393.57,3431.12,direct,
2024-11-23 18:30:00,3430.89,3430.89,3428.1,3428.2,3428.38,0.34465136,4,3431.16,3427.44,3431.12,650.57,2230894.1,3427.66,direct,
2024-11-23 18:31:00,3427.0,3427.0,3422.76,3424.48,3424.07,3.64122607,14,3428.05,3423.42,3427.66,734.01,2514048.25,3424.66,direct,
2024-11-23 18:32:00,3425.02,3425.03,3424.0,3424.0,3424.91,3.72024629,9,3426.3,3421.78,3424.66,758.27,2596360.94,3422.98,direct,
2024-11-23 18:33:00,3424.0,3424.0,3420.22,3420.22,3422.74,0.3019276,9,3423.84,3420.37,3422.98,528.05,1807311.36,3420.38,direct,
2024-11-23 18:34:00,3420.71,3423.93,3420.53,3423.93,3421.01,2.68554707,19,3424.38,3420.03,3420.38,567.94,1943509.55,3424.21,direct,
2024-11-23 18:35:00,3425.25,3426.68,3424.36,3426.68,3426.08,3.15415486,12,3428.4,3424.21,3424.21,603.84,2068557.47,3428.4,direct,
2024-11-23 18:36:00,3426.68,3430.58,3426.68,3430.47,3429.57,0.16025408,11,3431.61,3427.94,3428.4,635.65,2180113.31,3431.3,direct,
2024-11-23 18:37:00,3430.75,3434.7,3430.74,3434.6,3433.24,3.61288645,31,3435.26,3431.21,3431.3,740.34,2542267.81,3434.96,direct,
2024-11-23 18:38:00,3435.0,3435.0,3432.36,3433.36,3432.52,12.15405627,9,3436.01,3432.53,3434.96,562.47,1931837.43,3433.52,direct,
2024-11-23 18:39:00,3433.15,3433.16,3430.74,3430.75,3431.48,0.23751937,9,3434.13,3429.6,3433.52,593.97,2038155.88,3429.9,direct,
2024-11-23 18:40:00,3431.33,3431.33,3430.74,3430.86,3431.07,0.99622305,5,3433.79,3429.18,3429.9,490.58,1683451.42,3433.79,direct,
2024-11-23 18:41:00,3431.79,3434.71,3431.79,3434.71,3433.58,0.68155102,17,3435.21,3431.67,3433.79,555.62,1907796.53,3434.41,direct,
2024-11-23 18:42:00,3434.48,3434.49,3430.74,3430.98,3433.83,6.25264308,17,3434.41,3429.87,3434.41,436.1,1496568.41,3431.74,direct,
2024-11-23 18:43:00,3432.57,3434.17,3432.45,3434.16,3433.61,3.98117488,19,3434.81,3431.74,3431.74,517.48,1776124.66,3434.19,direct,
2024-11-23 18:44:00,3433.88,3433.88,3431.73,3431.98,3432.27,2.53128063,10,3434.21,3431.23,3434.19,330.38,1134044.7,3431.23,direct,
2024-11-23 18:45:00,3431.74,3434.98,3431.74,3433.04,3433.65,10.11289515,20,3435.66,3431.23,3431.23,781.56,2683905.93,3433.47,direct,
2024-11-23 18:46:00,3432.47,3433.82,3432.47,3433.65,3433.44,15.81970637,25,3434.89,3432.43,3433.47,466.48,1601753.87,3433.95,direct,
2024-11-23 18:47:00,3434.3,3436.08,3433.76,3434.93,3434.65,68.32901819,21,3435.95,3433.45,3433.95,473.86,1627573.61,3434.79,direct,
2024-11-23 18:48:00,3434.71,3434.81,3431.78,3431.78,3432.13,13.18488087,13,3434.96,3431.4,3434.79,444.26,1525402.91,3431.4,direct,
2024-11-23 18:49:00,3431.21,3431.38,3431.21,3431.32,3431.37,1.98262703,6,3433.03,3430.5,3431.4,424.27,1455902.97,3430.83,direct,
2024-11-23 18:50:00,3430.75,3431.38,3430.74,3430.74,3430.76,15.94708817,34,3432.96,3430.15,3430.83,546.16,1874055.28,3430.15,direct,
2024-11-23 18:51:00,3428.01,3428.98,3426.84,3428.98,3427.83,9.45906595,28,3430.56,3427.06,3430.15,578.05,1982023.35,3429.81,direct,
2024-11-23 18:52:00,3428.98,3430.01,3427.19,3428.6,3428.7,71.51069734,12,3430.41,3427.19,3429.81,558.27,1914148.27,3428.7,direct,
2024-11-23 18:53:00,3428.61,3428.62,3428.21,3428.3,3428.32,0.20708537,5,3430.33,3428.22,3428.7,209.36,717939.28,3428.3,direct,
2024-11-23 18:54:00,3428.0,3428.62,3428.0,3428.61,3428.0,0.4889243,3,3430.9,3428.23,3428.3,278.96,956838.49,3429.7,direct,
2024-11-23 18:55:00,3428.61,3428.61,3428.61,3428.61,0.0,0.0,0,3430.38,3428.63,3429.7,355.33,1218569.22,3429.83,direct,
2024-11-23 18:56:00,3428.62,3428.62,3428.61,3428.61,3428.61,7.8303464,6,3431.0,3429.13,3429.83,304.03,1042895.1,3430.73,direct,
2024-11-23 18:57:00,3428.62,3428.62,3428.62,3428.62,3428.62,0.03309211,1,3430.84,3428.35,3430.73,449.6,1541945.27,3428.98,direct,
2024-11-23 18:58:00,3428.62,3429.65,3428.62,3429.31,3429.46,2.73926921,13,3430.35,3428.7,3428.98,227.71,781026.96,3429.99,direct,
2024-11-23 18:59:00,3429.65,3430.64,3428.7,3428.7,3429.46,2.20381489,10,3430.7,3428.88,3429.99,197.85,678636.83,3428.88,direct,
2024-11-23 19:00:00,3428.79,3428.79,3424.75,3425.43,3427.07,1.62847653,15,3428.88,3424.17,3428.88,422.61,1447673.92,3425.3,direct,
2024-11-23 19:01:00,3424.85,3424.85,3424.85,3424.85,3424.85,3.04665899,2,3428.19,3424.44,3425.3,519.09,1778613.0,3427.67,direct,
2024-11-23 19:02:00,3428.13,3428.13,3426.09,3426.76,3426.55,5.64236981,7,3428.23,3425.65,3427.67,471.26,1614951.59,3426.31,direct,
2024-11-23 19:03:00,3424.91,3424.91,3423.81,3423.81,3423.84,4.74942932,6,3426.35,3422.41,3426.31,727.85,2492167.87,3423.09,direct,
2024-11-23 19:04:00,3423.82,3425.99,3423.82,3425.99,3425.05,1.6435563,7,3425.96,3422.92,3423.09,460.82,1577993.93,3425.96,direct,
2024-11-23 19:05:00,3426.3,3426.3,3425.13,3425.13,3425.7,0.52354822,4,3427.57,3424.81,3425.96,459.08,1572921.88,3424.81,direct,
2024-11-23 19:06:00,3424.15,3427.84,3424.15,3427.59,3427.68,5.54097229,13,3428.76,3424.3,3424.81,522.79,1791409.18,3428.35,direct,
2024-11-23 19:07:00,3428.43,3428.43,3426.25,3426.25,3426.66,0.90018709,7,3428.42,3424.65,3428.35,338.13,1158568.57,3425.16,direct,
2024-11-23 19:08:00,3426.24,3426.41,3426.24,3426.25,3426.27,2.57678506,16,3426.59,3424.63,3425.16,287.21,983899.89,3425.32,direct,
2024-11-23 19:09:00,3426.25,3428.7,3426.25,3427.94,3427.7,5.5517635,46,3428.73,3425.29,3425.32,346.59,1187933.89,3428.06,direct,
2024-11-23 19:10:00,3427.85,3428.67,3427.85,3428.66,3428.59,0.15343711,5,3430.39,3426.47,3428.06,530.85,1820136.71,3426.5,direct,
2024-11-23 19:11:00,3427.23,3427.32,3426.6,3426.6,3427.24,0.16579298,3,3428.41,3426.34,3426.5,345.4,1183716.5,3428.38,direct,
2024-11-23 19:12:00,3427.28,3428.7,3426.86,3427.02,3427.71,5.37340609,12,3429.73,3427.07,3428.38,403.66,1384088.72,3427.07,direct,
2024-11-23 19:13:00,3426.25,3426.25,3422.79,3422.79,3423.55,40.69968349,8,3427.07,3420.54,3427.07,707.93,2423169.39,3422.18,direct,
2024-11-23 19:14:00,3422.8,3425.74,3422.8,3425.74,3425.3,4.3621246,10,3427.14,3422.02,3422.18,990.78,3393465.48,3426.36,direct,
2024-11-23 19:15:00,3425.73,3425.74,3425.73,3425.73,3425.73,8.87689361,13,3428.64,3425.84,3426.36,606.06,2077156.27,3426.67,direct,
2024-11-23 19:16:00,3425.73,3425.74,3423.88,3423.88,3425.52,28.68556665,16,3427.47,3424.24,3426.67,290.49,995288.43,3424.24,direct,
2024-11-23 19:17:00,3423.84,3425.71,3423.84,3425.71,3424.59,28.9672926,21,3427.94,3423.89,3424.24,566.74,1941281.56,3427.92,direct,
2024-11-23 19:18:00,3425.71,3431.0,3425.71,3431.0,3428.45,74.18876638,48,3433.31,3427.92,3427.92,510.5,1751290.5,3433.29,direct,
2024-11-23 19:19:00,3431.01,3431.95,3431.01,3431.95,3431.89,16.22628879,22,3433.85,3431.42,3433.29,431.16,1479995.11,3432.86,direct,
2024-11-23 19:20:00,3431.96,3433.62,3431.49,3431.49,3431.78,17.1564402,12,3434.14,3431.42,3432.86,543.44,1865691.58,3432.2,direct,
2024-11-23 19:21:00,3432.03,3432.03,3431.71,3431.87,3431.86,10.04345188,11,3435.48,3431.68,3432.2,325.28,1116634.07,3435.39,direct,
2024-11-23 19:22:00,3433.56,3436.36,3433.56,3436.19,3436.02,35.79260721,32,3437.42,3435.13,3435.39,648.65,2229047.64,3435.42,direct,
2024-11-23 19:23:00,3436.19,3436.2,3436.19,3436.2,3436.19,1.5134554,11,3435.66,3433.67,3435.42,333.67,1146020.21,3433.71,direct,
2024-11-23 19:24:00,3436.19,3436.2,3435.75,3435.75,3436.17,1.47704715,8,3434.19,3432.94,3433.71,149.87,514579.92,3433.97,direct,
2024-11-23 19:25:00,3435.75,3435.75,3435.74,3435.74,3435.74,0.00899812,2,3433.98,3432.57,3433.97,354.42,1216746.35,3433.12,direct,
2024-11-23 19:26:00,3435.75,3435.75,3435.0,3435.0,3435.42,0.97924475,8,3433.65,3431.99,3433.12,320.44,1099914.77,3431.99,direct,
2024-11-23 19:27:00,3434.66,3434.66,3426.55,3426.6,3433.4,25.79606652,23,3431.99,3425.96,3431.99,516.19,1770054.05,3425.96,direct,
2024-11-23 19:28:00,3426.6,3426.93,3423.51,3423.57,3425.7,2.89463411,9,3426.74,3421.7,3425.96,543.26,1859986.92,3422.82,direct,
2024-11-23 19:29:00,3424.24,3425.76,3423.78,3423.78,3424.53,5.32981815,16,3425.54,3422.6,3422.82,435.87,1492483.18,3423.84,direct,
2024-11-23 19:30:00,3424.06,3425.68,3424.06,3425.67,3425.64,119.64151755,8,3426.79,3423.57,3423.84,547.4,1875264.84,3426.27,direct,
2024-11-23 19:31:00,3425.68,3425.69,3424.99,3425.69,3425.66,1.48393764,4,3426.97,3424.3,3426.27,433.26,1484183.39,3425.38,direct,
2024-11-23 19:32:00,3425.69,3425.92,3422.91,3422.91,3425.15,2.81083286,11,3426.73,3421.3,3425.38,549.75,1882155.67,3421.34,direct,
2024-11-23 19:33:00,3422.79,3422.8,3418.48,3418.82,3419.98,64.35680183,19,3423.26,3418.7,3421.34,767.89,2626368.49,3418.98,direct,
2024-11-23 19:34:00,3418.39,3418.39,3416.83,3417.82,3417.32,50.68239505,20,3420.51,3415.21,3418.98,719.01,2456667.3,3417.93,direct,
2024-11-23 19:35:00,3417.21,3417.43,3413.14,3413.14,3416.06,76.90287462,19,3417.93,3411.64,3417.93,890.79,3041625.42,3413.38,direct,
2024-11-23 19:36:00,3413.15,3415.18,3413.15,3414.73,3414.41,98.41370268,24,3416.08,3413.28,3413.38,1132.08,3865414.61,3414.94,direct,
2024-11-23 19:37:00,3415.17,3416.4,3415.17,3416.4,3415.37,25.67203909,25,3419.17,3414.94,3414.94,858.13,2932843.4,3417.51,direct,
2024-11-23 19:38:00,3416.4,3416.4,3415.0,3415.01,3415.07,46.00418805,35,3417.78,3412.04,3417.51,769.01,2625437.88,3412.78,direct,
2024-11-23 19:39:00,3415.0,3415.0,3412.4,3413.83,3413.27,3.12310353,21,3414.08,3412.18,3412.78,648.18,2212304.51,3412.77,direct,
2024-11-23 19:40:00,3412.12,3412.42,3411.01,3412.42,3412.22,5.07424162,15,3413.37,3410.51,3412.77,558.33,1904936.64,3412.49,direct,
2024-11-23 19:41:00,3412.43,3415.0,3412.42,3414.97,3412.73,159.17999462,28,3417.47,3412.41,3412.49,802.18,2739108.36,3416.27,direct,
2024-11-23 19:42:00,3415.0,3415.0,3411.86,3413.6,3414.19,7.07969307,22,3416.39,3411.42,3416.27,597.04,2038031.3,3413.74,direct,
2024-11-23 19:43:00,3412.73,3413.56,3411.39,3413.37,3412.51,200.8402063,29,3414.22,3412.66,3413.74,752.83,2569457.69,3412.94,direct,
2024-11-23 19:44:00,3411.92,3411.92,3408.91,3408.91,3409.82,1.49168076,14,3413.15,3408.3,3412.94,536.68,1830028.5,3408.3,direct,
2024-11-23 19:45:00,3409.57,3411.78,3407.8,3411.78,3409.58,4.44718138,23,3411.92,3405.65,3408.3,979.58,3339322.58,3411.38,direct,
2024-11-23 19:46:00,3412.0,3415.57,3412.0,3415.57,3415.0,1.35020308,15,3416.52,3411.18,3411.38,931.45,3180590.4,3416.13,direct,
2024-11-23 19:47:00,3415.57,3415.57,3412.79,3413.11,3413.36,7.91811924,12,3416.45,3412.0,3416.13,620.18,2117312.96,3413.06,direct,
2024-11-23 19:48:00,3414.0,3414.0,3413.98,3413.99,3413.98,28.13937929,13,3416.01,3413.06,3413.06,537.38,1834898.0,3413.75,direct,
2024-11-23 19:49:00,3413.99,3416.4,3413.99,3414.13,3414.25,192.18637967,21,3419.26,3413.67,3413.75,946.05,3231258.13,3414.92,direct,
2024-11-23 19:50:00,3413.93,3413.93,3412.18,3413.15,3412.97,2.14776151,11,3414.92,3411.81,3414.92,862.98,2945307.76,3413.99,direct,
2024-11-23 19:51:00,3413.77,3416.39,3413.77,3416.39,3415.64,12.50125194,6,3419.33,3413.12,3413.99,588.38,2009675.7,3418.49,direct,
2024-11-23 19:52:00,3416.4,3420.39,3416.4,3417.89,3416.4,20.33555476,25,3421.38,3416.89,3418.49,673.14,2301735.71,3416.97,direct,
2024-11-23 19:53:00,3416.44,3416.44,3413.63,3413.63,3415.55,6.72630986,10,3417.08,3413.78,3416.97,569.88,1946352.04,3414.65,direct,
2024-11-23 19:54:00,3414.93,3415.37,3410.35,3410.35,3414.92,36.71499443,13,3416.04,3410.19,3414.65,526.98,1799081.94,3410.49,direct,
2024-11-23 19:55:00,3410.08,3413.09,3409.83,3412.85,3411.76,5.91623346,13,3413.98,3409.62,3410.49,768.88,2623132.16,3411.97,direct,
2024-11-23 19:56:00,3412.66,3414.86,3412.66,3414.86,3412.83,0.37461702,6,3415.42,3411.79,3411.97,429.95,1467773.98,3414.74,direct,
2024-11-23 19:57:00,3414.49,3415.83,3412.67,3412.88,3414.15,0.36458474,11,3416.46,3412.7,3414.74,581.28,1984651.13,3412.95,direct,
2024-11-23 19:58:00,3412.66,3413.69,3412.66,3412.98,3413.12,0.13461063,5,3414.06,3411.86,3412.95,518.37,1769259.08,3412.37,direct,
2024-11-23 19:59:00,3412.66,3412.67,3412.66,3412.67,3412.66,1.52627446,19,3412.87,3411.14,3412.37,371.25,1266694.33,3412.18,direct,
2024-11-23 20:00:00,3412.66,3412.98,3410.24,3412.92,3412.63,0.63515139,13,3413.2,3409.97,3412.18,801.25,2733638.01,3412.6,direct,
2024-11-23 20:01:00,3410.21,3411.21,3408.92,3408.92,3410.63,0.55914533,8,3412.6,3408.03,3412.6,762.94,2601947.06,3408.47,direct,
2024-11-23 20:02:00,3408.91,3408.92,3406.57,3406.57,3408.1,27.7278913,14,3410.55,3403.95,3408.47,878.66,2993589.28,3403.97,direct,
2024-11-23 20:03:00,3406.38,3406.38,3404.58,3405.05,3404.62,7.14084876,14,3405.87,3403.78,3403.97,803.36,2735293.17,3404.49,direct,
2024-11-23 20:04:00,3406.39,3407.5,3405.47,3407.5,3406.38,66.60619511,18,3410.59,3404.31,3404.49,983.66,3351584.71,3410.21,direct,
2024-11-23 20:05:00,3406.92,3407.49,3406.92,3407.49,3407.14,26.3494,8,3410.51,3406.89,3410.21,789.09,2689808.79,3409.71,direct,
2024-11-23 20:06:00,3407.49,3408.99,3407.12,3407.12,3407.81,103.00191898,24,3410.17,3406.13,3409.71,642.38,2189373.65,3406.13,direct,
2024-11-23 20:07:00,3405.68,3405.68,3404.18,3404.41,3404.82,56.20248078,22,3406.61,3402.93,3406.13,698.15,2377308.84,3404.32,direct,
2024-11-23 20:08:00,3403.08,3403.5,3402.26,3402.27,3402.6,1.16380227,9,3404.41,3401.5,3404.32,478.18,1627147.68,3401.84,direct,
2024-11-23 20:09:00,3402.27,3402.27,3402.22,3402.22,3402.22,0.55871564,4,3404.51,3401.83,3401.84,416.87,1418709.43,3401.92,direct,
2024-11-23 20:10:00,3401.82,3403.93,3400.0,3400.01,3401.57,2.4567668,24,3404.84,3398.55,3401.92,1051.01,3575976.95,3398.55,direct,
2024-11-23 20:11:00,3400.0,3400.01,3399.0,3399.0,3399.99,10.72273595,28,3399.87,3396.6,3398.55,1015.95,3452761.37,3398.08,direct,
2024-11-23 20:12:00,3398.99,3398.99,3396.46,3397.0,3397.23,156.88623095,30,3399.15,3396.59,3398.08,891.62,3029232.83,3396.94,direct,
2024-11-23 20:13:00,3397.0,3399.69,3397.0,3397.78,3397.01,83.49354698,29,3400.23,3396.94,3396.94,723.27,2457962.26,3397.55,direct,
2024-11-23 20:14:00,3397.41,3397.58,3396.02,3396.02,3397.39,51.25080619,13,3398.25,3395.72,3397.55,551.37,1873114.68,3395.79,direct,
2024-11-23 20:15:00,3395.99,3398.55,3395.99,3398.54,3398.41,102.14183045,14,3399.92,3395.72,3395.79,748.19,2542565.07,3396.84,direct,
2024-11-23 20:16:00,3397.7,3400.0,3396.99,3398.86,3398.75,200.27188628,18,3400.31,3396.49,3396.84,895.39,3043085.48,3399.43,direct,
2024-11-23 20:17:00,3400.42,3401.53,3400.41,3401.51,3401.06,104.31730725,19,3402.95,3399.43,3399.43,821.15,2792907.48,3402.29,direct,
2024-11-23 20:18:00,3401.52,3405.04,3401.51,3403.63,3404.03,337.06092581,56,3407.53,3401.71,3402.29,1082.44,3685588.07,3402.58,direct,
2024-11-23 20:19:00,3402.86,3402.86,3397.15,3397.15,3399.54,204.84370434,20,3403.18,3397.06,3402.58,945.69,3215115.31,3397.47,direct,
2024-11-23 20:20:00,3396.94,3396.94,3393.81,3393.81,3395.49,136.00591584,31,3397.47,3393.72,3397.47,968.99,3290525.64,3393.72,direct,
2024-11-23 20:21:00,3393.83,3397.01,3393.83,3396.75,3395.36,1.33162691,15,3397.4,3393.72,3393.72,737.72,2504940.97,3397.02,direct,
2024-11-23 20:22:00,3396.6,3400.0,3395.8,3400.0,3397.15,7.28632654,15,3401.19,3396.2,3397.02,419.57,1425962.48,3400.64,direct,
2024-11-23 20:23:00,3399.26,3400.0,3399.26,3400.0,3399.27,10.81882731,4,3401.68,3398.94,3400.64,612.02,2081025.8,3400.5,direct,
2024-11-23 20:24:00,3399.99,3402.58,3399.99,3402.27,3400.0,525.25331337,47,3404.57,3400.05,3400.5,1211.65,4121522.63,3402.18,direct,
2024-11-23 20:25:00,3401.5,3401.51,3396.34,3396.34,3399.44,0.48166579,9,3402.75,3393.75,3402.18,795.95,2703724.04,3393.8,direct,
2024-11-23 20:26:00,3393.68,3396.6,3393.68,3394.58,3395.73,3.64025132,15,3396.91,3392.12,3393.8,1117.2,3791989.07,3393.48,direct,
2024-11-23 20:27:00,3393.2,3393.2,3389.68,3389.95,3390.64,11.41339897,35,3394.03,3389.37,3393.48,903.13,3063051.1,3389.73,direct,
2024-11-23 20:28:00,3389.74,3389.74,3385.0,3385.01,3385.77,43.8540092,68,3389.93,3383.74,3389.73,1136.57,3849142.15,3384.61,direct,
2024-11-23 20:29:00,3385.47,3386.93,3382.59,3385.38,3384.71,54.310069,44,3388.23,3382.41,3384.61,1448.77,4904591.96,3385.38,direct,
2024-11-23 20:30:00,3385.67,3391.29,3383.65,3391.29,3387.06,2.3851431,22,3392.92,3382.47,3385.38,1403.73,4753646.29,3392.85,direct,
2024-11-23 20:31:00,3393.29,3394.75,3391.0,3391.25,3392.59,1.16160772,12,3395.44,3390.19,3392.85,1493.32,5066462.01,3393.63,direct,
2024-11-23 20:32:00,3395.05,3395.05,3391.13,3391.13,3393.43,0.84484671,9,3395.64,3390.35,3393.63,1538.84,5221269.49,3393.07,direct,
2024-11-23 20:33:00,3393.34,3399.45,3393.34,3398.23,3397.95,16.47556678,16,3399.75,3393.07,3393.07,1119.86,3804463.06,3398.16,direct,
2024-11-23 20:34:00,3398.54,3406.31,3398.54,3406.31,3403.76,1.31593154,18,3407.6,3397.64,3398.16,1264.27,4301413.79,3407.53,direct,
2024-11-23 20:35:00,3405.28,3405.28,3400.96,3400.96,3403.91,0.57899861,6,3407.53,3398.96,3407.53,1248.45,4247966.78,3399.39,direct,
2024-11-23 20:36:00,3400.97,3403.44,3400.97,3403.44,3402.15,0.59688683,9,3405.4,3398.67,3399.39,1047.3,3562903.47,3405.4,direct,
2024-11-23 20:37:00,3403.45,3404.88,3400.95,3401.67,3401.13,8.545254,16,3405.69,3400.01,3405.4,1012.2,3443031.48,3401.61,direct,
2024-11-23 20:38:00,3401.65,3401.66,3400.96,3400.96,3401.64,19.40890045,8,3403.22,3400.09,3401.61,955.12,3249058.28,3400.28,direct,
2024-11-23 20:39:00,3400.96,3400.96,3397.9,3399.64,3400.84,0.94528637,6,3401.55,3397.52,3400.28,928.59,3156847.45,3401.27,direct,
2024-11-23 20:40:00,3399.64,3400.71,3394.68,3394.68,3395.13,2.65297621,9,3402.82,3393.55,3401.27,1098.85,3732564.22,3394.28,direct,
2024-11-23 20:41:00,3395.38,3397.91,3395.38,3397.53,3397.0,1.15883606,8,3397.89,3393.42,3394.28,1039.68,3530645.2,3396.78,direct,
2024-11-23 20:42:00,3398.13,3405.15,3398.13,3405.15,3401.29,3.91356089,23,3406.83,3396.69,3396.78,1044.15,3551819.58,3406.79,direct,
2024-11-23 20:43:00,3404.76,3405.84,3404.44,3405.84,3404.81,0.10407091,6,3406.79,3403.93,3406.79,678.2,2309363.13,3406.07,direct,
2024-11-23 20:44:00,3406.08,3406.08,3406.08,3406.08,3406.08,1.21972416,4,3407.9,3405.05,3406.07,542.92,1849664.89,3407.18,direct,
2024-11-23 20:45:00,3406.09,3406.09,3406.08,3406.08,3406.08,4.08557037,7,3408.75,3405.84,3407.18,707.35,2410434.75,3408.49,direct,
2024-11-23 20:46:00,3406.08,3406.09,3406.08,3406.09,3406.08,1.14247623,5,3408.72,3406.45,3408.49,383.54,1306885.62,3406.94,direct,
2024-11-23 20:47:00,3406.09,3406.09,3406.09,3406.09,3406.09,0.0892452,4,3408.6,3406.83,3406.94,380.34,1296047.69,3407.71,direct,
2024-11-23 20:48:00,3406.08,3406.08,3405.14,3405.14,3405.43,3.72568518,19,3407.71,3402.78,3407.71,684.02,2328841.53,3403.04,direct,
2024-11-23 20:49:00,3405.14,3405.15,3403.4,3403.4,3405.13,18.69998337,19,3405.35,3402.38,3403.04,626.86,2133818.27,3405.35,direct,
2024-11-23 20:50:00,3405.16,3405.16,3401.78,3401.78,3404.05,0.4568832,8,3406.01,3401.12,3405.35,434.6,1479200.21,3402.93,direct,
2024-11-23 20:51:00,3403.03,3405.16,3402.29,3402.29,3404.75,2.14690114,9,3405.59,3402.11,3402.93,527.73,1796310.52,3402.23,direct,
2024-11-23 20:52:00,3403.22,3405.18,3403.22,3403.57,3404.55,1.72955027,10,3405.4,3402.06,3402.23,491.87,1674307.29,3403.44,direct,
2024-11-23 20:53:00,3403.37,3405.19,3403.37,3405.19,3403.64,3.36650836,7,3406.91,3402.8,3403.44,569.25,1938111.18,3405.98,direct,
2024-11-23 20:54:00,3405.18,3405.89,3405.04,3405.17,3405.12,1.60526185,11,3406.55,3404.68,3405.98,364.56,1241573.49,3405.09,direct,
2024-11-23 20:55:00,3405.3,3405.93,3405.3,3405.93,3405.33,78.25766413,15,3408.58,3404.46,3405.09,555.71,1892993.27,3408.51,direct,
2024-11-23 20:56:00,3405.93,3405.98,3405.92,3405.98,3405.97,11.69560051,9,3408.51,3406.4,3408.51,437.69,1491402.1,3407.82,direct,
2024-11-23 20:57:00,3405.99,3406.0,3405.44,3405.44,3405.86,0.03852118,4,3407.86,3405.08,3407.82,425.72,1450249.69,3405.57,direct,
2024-11-23 20:58:00,3405.25,3406.0,3405.25,3406.0,3405.87,2.06507181,10,3408.4,3405.57,3405.57,420.98,1434462.83,3408.39,direct,
2024-11-23 20:59:00,3405.99,3406.14,3405.99,3406.14,3406.03,4.82064263,20,3409.16,3406.61,3408.39,456.81,1556946.44,3409.09,direct,
2024-11-23 21:00:00,3406.14,3407.38,3406.14,3406.15,3406.28,0.33799458,16,3409.18,3405.95,3409.09,471.48,1606823.05,3407.17,direct,
2024-11-23 21:01:00,3407.27,3408.71,3407.27,3408.71,3408.04,0.13602605,11,3410.03,3407.12,3407.17,563.71,1921568.94,3409.96,direct,
2024-11-23 21:02:00,3408.71,3412.69,3408.71,3412.69,3410.95,0.57912871,17,3413.19,3409.96,3409.96,609.3,2078814.58,3412.73,direct,
2024-11-23 21:03:00,3412.69,3412.69,3407.14,3409.01,3407.38,51.23200837,17,3412.73,3406.01,3412.73,1079.86,3680610.98,3409.95,direct,
2024-11-23 21:04:00,3409.32,3409.87,3408.11,3409.08,3408.38,5.42598492,11,3412.28,3408.41,3409.95,622.06,2121424.43,3408.96,direct,
2024-11-23 21:05:00,3409.31,3409.48,3409.08,3409.48,3409.16,0.04452443,3,3409.83,3406.86,3408.96,602.67,2054166.01,3409.52,direct,
2024-11-23 21:06:00,3409.48,3411.32,3409.48,3411.32,3410.43,21.06948952,15,3411.4,3409.06,3409.52,579.73,1976966.92,3410.29,direct,
2024-11-23 21:07:00,3410.43,3412.0,3410.43,3411.87,3411.67,5.099577,8,3412.41,3409.13,3410.29,429.4,1464755.25,3412.25,direct,
2024-11-23 21:08:00,3412.7,3417.12,3412.7,3417.12,3416.0,1.69691054,26,3418.29,3412.25,3412.25,749.72,2561086.23,3417.88,direct,
2024-11-23 21:09:00,3418.12,3418.77,3418.12,3418.13,3418.7,5.43136608,9,3418.75,3416.82,3417.88,498.84,1704990.88,3418.73,direct,
2024-11-23 21:10:00,3418.43,3419.42,3418.25,3419.42,3419.24,4.9535896,7,3420.99,3417.43,3418.73,610.68,2088256.25,3420.76,direct,
2024-11-23 21:11:00,3419.55,3420.74,3419.55,3420.56,3420.28,0.22277097,15,3421.41,3420.08,3420.76,569.4,1947779.9,3420.42,direct,
2024-11-23 21:12:00,3420.46,3420.66,3420.45,3420.45,3420.45,2.54173996,12,3421.07,3417.83,3420.42,412.44,1410213.18,3418.46,direct,
2024-11-23 21:13:00,3420.45,3420.45,3419.0,3419.0,3419.01,57.7442382,14,3419.58,3416.46,3418.46,338.83,1158045.03,3418.66,direct,
2024-11-23 21:14:00,3419.01,3420.1,3419.0,3419.75,3419.66,2.24284925,9,3419.81,3417.75,3418.66,523.76,1790663.45,3417.99,direct,
2024-11-23 21:15:00,3419.02,3421.78,3419.02,3421.78,3419.78,3.76250118,14,3423.8,3417.86,3417.99,1072.69,3669748.93,3422.9,direct,
2024-11-23 21:16:00,3421.77,3421.78,3421.77,3421.78,3421.77,0.03799988,2,3424.05,3419.43,3422.9,802.81,2746854.4,3420.56,direct,
2024-11-23 21:17:00,3421.77,3421.78,3420.68,3421.78,3421.08,5.09120009,7,3422.98,3420.41,3420.56,607.0,2077180.94,3421.46,direct,
2024-11-23 21:18:00,3421.05,3421.78,3421.05,3421.78,3421.74,0.03691236,8,3423.07,3420.55,3421.46,551.11,1885894.24,3422.14,direct,
2024-11-23 21:19:00,3421.78,3423.2,3421.78,3423.2,3422.41,1.69286699,14,3423.48,3421.82,3422.14,473.03,1619148.87,3423.27,direct,
2024-11-23 21:20:00,3423.33,3423.52,3423.3,3423.31,3423.31,1.12168476,14,3423.43,3421.27,3423.27,459.85,1573707.29,3422.32,direct,
2024-11-23 21:21:00,3423.31,3424.72,3423.3,3423.3,3424.41,4.82072542,23,3424.06,3421.23,3422.32,690.13,2361789.25,3422.45,direct,
2024-11-23 21:22:00,3423.31,3424.62,3423.31,3424.55,3424.41,5.68789795,15,3426.42,3422.17,3422.45,694.33,2377708.52,3422.7,direct,
2024-11-23 21:23:00,3423.31,3423.93,3423.31,3423.31,3423.37,3.46265117,6,3424.48,3421.35,3422.7,431.9,1478255.57,3421.49,direct,
2024-11-23 21:24:00,3423.3,3423.3,3420.15,3420.15,3421.68,1.11438298,12,3422.69,3419.76,3421.49,692.07,2367826.54,3420.1,direct,
2024-11-23 21:25:00,3419.83,3419.83,3418.58,3418.82,3418.86,0.97190603,8,3420.41,3417.03,3420.1,659.94,2256079.21,3417.77,direct,
2024-11-23 21:26:00,3418.31,3423.53,3418.31,3423.36,3419.55,7.2171948,13,3423.62,3417.77,3417.77,679.81,2325882.84,3423.17,direct,
2024-11-23 21:27:00,3422.33,3422.89,3422.33,3422.86,3422.33,4.77401215,3,3424.17,3422.07,3423.17,480.32,1644056.47,3422.39,direct,
2024-11-23 21:28:00,3422.26,3423.9,3422.26,3423.89,3423.08,0.20102546,4,3425.36,3421.92,3422.39,248.36,850193.48,3425.36,direct,
2024-11-23 21:29:00,3423.89,3423.89,3423.89,3423.89,0.0,0.0,0,3425.36,3422.87,3425.36,223.09,763923.05,3422.96,direct,
2024-11-23 21:30:00,3423.64,3424.25,3423.64,3423.64,3423.93,0.34941967,7,3424.62,3422.35,3422.96,399.44,1367502.98,3422.43,direct,
2024-11-23 21:31:00,3424.58,3425.0,3424.58,3425.0,3424.59,4.04959523,6,3425.98,3422.34,3422.43,494.49,1693602.13,3425.85,direct,
2024-11-23 21:32:00,3425.0,3427.36,3425.0,3427.36,3426.13,1.01731824,20,3428.34,3425.26,3425.85,398.67,1366311.21,3427.44,direct,
2024-11-23 21:33:00,3426.9,3428.88,3426.9,3428.88,3427.11,15.12320075,13,3429.27,3426.76,3427.44,316.73,1085705.14,3429.2,direct,
2024-11-23 21:34:00,3428.89,3428.89,3426.46,3426.47,3427.13,1.78647598,9,3429.28,3425.86,3429.2,371.76,1274140.12,3425.86,direct,
2024-11-23 21:35:00,3425.39,3425.4,3425.39,3425.4,3425.39,5.0,2,3426.25,3424.4,3425.86,352.28,1206545.67,3425.11,direct,
2024-11-23 21:36:00,3425.31,3425.61,3424.26,3425.61,3424.58,0.73946599,10,3425.6,3424.14,3425.11,264.98,907505.93,3424.84,direct,
2024-11-23 21:37:00,3425.33,3427.08,3425.33,3427.08,3427.06,40.61568672,8,3428.64,3424.83,3424.84,328.66,1126448.67,3427.48,direct,
2024-11-23 21:38:00,3427.09,3428.89,3427.09,3428.89,3428.34,0.10918388,6,3430.78,3427.25,3427.48,304.32,1043667.67,3430.71,direct,
2024-11-23 21:39:00,3428.89,3428.89,3428.88,3428.88,3428.88,0.47141582,7,3431.2,3428.84,3430.71,433.88,1488192.71,3429.12,direct,
2024-11-23 21:40:00,3427.62,3428.89,3426.57,3426.57,3428.11,2.57169351,12,3429.21,3425.58,3429.12,406.11,1391916.59,3426.15,direct,
2024-11-23 21:41:00,3426.27,3428.89,3426.27,3428.08,3428.19,0.23009771,4,3429.47,3426.15,3426.15,260.01,891439.78,3428.01,direct,
2024-11-23 21:42:00,3428.52,3428.89,3428.45,3428.89,3428.8,0.03521941,5,3430.17,3428.01,3428.01,302.94,1038867.65,3430.02,direct,
2024-11-23 21:43:00,3428.89,3428.89,3428.89,3428.89,3428.89,0.18240381,5,3430.24,3429.28,3430.02,166.96,572657.17,3429.46,direct,
2024-11-23 21:44:00,3428.89,3428.89,3428.88,3428.88,3428.88,15.25069953,6,3431.61,3429.44,3429.46,290.74,997393.34,3431.22,direct,
2024-11-23 21:45:00,3428.89,3430.99,3428.89,3430.99,3430.29,2.14655447,15,3431.26,3428.65,3431.22,485.14,1664051.66,3430.36,direct,
2024-11-23 21:46:00,3430.64,3430.64,3428.88,3428.88,3428.89,4.01811741,15,3430.73,3426.78,3430.36,517.84,1775472.8,3426.78,direct,
2024-11-23 21:47:00,3426.19,3426.19,3425.18,3425.36,3425.39,0.3627027,4,3426.78,3424.96,3426.78,335.64,1149760.33,3425.6,direct,
2024-11-23 21:48:00,3424.45,3424.45,3424.0,3424.0,3424.23,0.46335174,4,3425.61,3423.68,3425.6,339.11,1161355.1,3425.57,direct,
2024-11-23 21:49:00,3426.72,3428.04,3426.72,3428.04,3427.63,102.95028157,13,3428.28,3425.54,3425.57,379.09,1299295.98,3428.08,direct,
2024-11-23 21:50:00,3428.04,3428.04,3427.12,3427.12,3427.13,4.94029808,9,3428.08,3424.68,3428.08,521.44,1786742.86,3424.72,direct,
2024-11-23 21:51:00,3424.67,3424.67,3423.63,3423.64,3424.35,25.82285146,10,3424.73,3422.18,3424.72,491.1,1681216.41,3423.59,direct,
2024-11-23 21:52:00,3424.29,3424.29,3424.23,3424.23,3424.27,107.24066088,4,3424.61,3422.86,3423.59,340.55,1165985.31,3423.73,direct,
2024-11-23 21:53:00,3423.64,3425.49,3423.64,3423.64,3424.76,0.63191565,7,3425.84,3423.55,3423.73,274.71,940801.57,3423.69,direct,
2024-11-23 21:54:00,3424.34,3425.63,3424.28,3424.54,3424.34,0.38876863,15,3425.98,3423.38,3423.69,323.6,1108266.17,3424.69,direct,
2024-11-23 21:55:00,3424.4,3424.41,3424.4,3424.4,3424.4,0.47196121,8,3424.74,3422.27,3424.69,373.05,1277001.08,3423.29,direct,
2024-11-23 21:56:00,3424.41,3424.41,3424.4,3424.4,3424.4,0.3056061,5,3424.46,3421.92,3423.29,317.96,1088531.87,3421.92,direct,
2024-11-23 21:57:00,3423.63,3423.63,3418.75,3419.5,3418.96,208.40458107,35,3421.92,3417.5,3421.92,1048.46,3584758.23,3419.31,direct,
2024-11-23 21:58:00,3421.26,3421.26,3419.95,3419.95,3419.98,4.10464642,6,3421.17,3419.13,3419.31,294.74,1008121.76,3420.78,direct,
2024-11-23 21:59:00,3421.47,3422.2,3421.47,3421.95,3421.99,0.73763671,5,3422.11,3420.78,3420.78,223.86,766018.56,3421.13,direct,
2024-11-23 22:00:00,3421.36,3421.36,3419.93,3420.9,3420.2,1.92407854,13,3421.96,3419.09,3421.13,477.54,1633579.31,3420.81,direct,
2024-11-23 22:01:00,3420.91,3420.91,3420.05,3420.52,3420.4,1.6014834,10,3420.9,3419.59,3420.81,249.18,852220.45,3420.46,direct,
2024-11-23 22:02:00,3421.08,3424.02,3421.08,3423.58,3422.06,3.95536146,16,3424.47,3420.46,3420.46,336.04,1150349.79,3423.37,direct,
2024-11-23 22:03:00,3422.84,3422.84,3421.65,3422.56,3422.73,0.34732729,4,3424.62,3420.97,3423.37,383.02,1310971.27,3424.62,direct,
2024-11-23 22:04:00,3423.99,3425.99,3423.51,3425.99,3424.84,0.83641611,9,3426.41,3422.82,3424.62,327.31,1120975.72,3426.37,direct,
2024-11-23 22:05:00,3426.03,3427.3,3424.64,3425.15,3426.41,4.56662848,17,3427.69,3423.91,3426.37,743.01,2545731.82,3424.36,direct,
2024-11-23 22:06:00,3424.64,3427.01,3424.64,3427.01,3425.45,3.47237441,11,3427.1,3422.65,3424.36,395.31,1353778.67,3426.59,direct,
2024-11-23 22:07:00,3425.29,3426.8,3425.28,3426.26,3426.66,0.33110122,6,3427.24,3425.37,3426.59,568.99,1949697.03,3426.17,direct,
2024-11-23 22:08:00,3425.68,3425.68,3425.0,3425.0,3425.59,0.43415508,6,3426.32,3424.07,3426.17,356.95,1222687.04,3424.7,direct,
2024-11-23 22:09:00,3424.99,3425.0,3424.99,3424.99,3424.99,2.8208277,7,3424.84,3422.64,3424.7,237.81,814207.63,3424.19,direct,
2024-11-23 22:10:00,3424.99,3425.0,3424.99,3425.0,3424.99,1.21512334,10,3424.19,3422.3,3424.19,376.98,1290462.81,3423.31,direct,
2024-11-23 22:11:00,3425.0,3425.0,3414.86,3414.89,3422.33,17.67282704,29,3423.37,3414.36,3423.31,2318.33,7922868.75,3414.91,direct,
2024-11-23 22:12:00,3414.21,3414.21,3410.49,3411.2,3412.28,2.01019452,11,3415.53,3408.26,3414.91,2171.09,7405714.02,3410.67,direct,
2024-11-23 22:13:00,3410.19,3412.0,3410.19,3412.0,3411.24,0.27751021,6,3412.52,3409.33,3410.67,411.42,1403294.52,3412.52,direct,
2024-11-23 22:14:00,3412.0,3412.57,3411.99,3412.57,3412.01,5.13769548,8,3414.29,3412.32,3412.52,540.5,1844720.17,3414.29,direct,
2024-11-23 22:15:00,3413.84,3414.86,3413.84,3414.81,3414.68,0.98501668,8,3415.78,3413.84,3414.29,463.82,1583953.2,3415.03,direct,
2024-11-23 22:16:00,3413.84,3413.85,3413.34,3413.34,3413.82,4.34871283,14,3415.37,3409.58,3415.03,758.16,2586421.81,3409.62,direct,
2024-11-23 22:17:00,3412.01,3412.01,3411.99,3411.99,3412.0,0.56514146,8,3411.94,3407.54,3409.62,453.15,1545339.99,3407.76,direct,
2024-11-23 22:18:00,3411.99,3411.99,3411.99,3411.99,0.0,0.0,0,3411.53,3407.74,3407.76,276.69,943385.38,3411.12,direct,
2024-11-23 22:19:00,3409.99,3414.53,3409.99,3413.77,3414.11,3.55055425,12,3414.9,3411.12,3411.12,406.11,1386288.26,3412.67,direct,
2024-11-23 22:20:00,3412.8,3414.78,3412.8,3414.78,3414.16,0.41473238,3,3415.64,3411.87,3412.67,172.88,590180.6,3415.59,direct,
2024-11-23 22:21:00,3414.95,3414.95,3414.95,3414.95,3414.95,0.62159578,4,3416.53,3413.69,3415.59,563.69,1925289.36,3415.78,direct,
2024-11-23 22:22:00,3414.95,3414.95,3414.54,3414.54,3414.55,0.58896458,7,3415.79,3414.0,3415.78,94.21,321668.31,3414.33,direct,
2024-11-23 22:23:00,3414.27,3414.31,3414.27,3414.31,3414.3,0.50455895,2,3415.21,3413.94,3414.33,186.34,636284.04,3414.21,direct,
2024-11-23 22:24:00,3413.36,3416.1,3413.36,3416.07,3415.22,0.43619884,7,3415.92,3412.84,3414.21,186.78,637713.93,3415.53,direct,
2024-11-23 22:25:00,3416.06,3416.06,3412.81,3414.04,3414.21,0.6347464,10,3415.69,3411.83,3415.53,186.88,637960.62,3413.27,direct,
2024-11-23 22:26:00,3413.75,3414.36,3413.32,3413.85,3414.28,102.08094111,61,3414.59,3412.93,3413.27,356.38,1216671.46,3413.81,direct,
2024-11-23 22:27:00,3413.11,3413.82,3412.89,3413.82,3413.42,0.16716569,9,3413.99,3412.76,3413.81,122.03,416493.65,3413.98,direct,
2024-11-23 22:28:00,3413.83,3414.37,3413.83,3414.35,3413.88,0.29089254,8,3416.47,3413.97,3413.98,407.24,1390906.96,3415.09,direct,
2024-11-23 22:29:00,3414.37,3415.11,3414.37,3415.11,3414.45,0.17761361,2,3416.23,3415.05,3415.09,211.83,723551.3,3415.11,direct,
2024-11-23 22:30:00,3415.11,3415.11,3415.11,3415.11,0.0,0.0,0,3415.19,3414.2,3415.11,61.07,208545.39,3414.2,direct,
2024-11-23 22:31:00,3414.38,3416.88,3414.38,3416.14,3416.51,0.5527081,19,3417.43,3414.17,3414.2,456.22,1558638.57,3415.53,direct,
2024-11-23 22:32:00,3415.12,3415.12,3415.11,3415.11,3415.11,0.23495627,9,3415.54,3413.32,3415.53,228.33,779622.74,3413.35,direct,
2024-11-23 22:33:00,3415.11,3415.11,3409.23,3409.23,3412.07,1.31417215,13,3413.39,3407.49,3413.35,521.32,1777614.53,3407.58,direct,
2024-11-23 22:34:00,3408.25,3408.25,3401.87,3401.87,3404.38,2.65669733,14,3407.58,3398.62,3407.58,1017.77,3462309.64,3400.15,direct,
2024-11-23 22:35:00,3401.87,3401.87,3398.23,3398.23,3398.57,13.12927558,15,3400.51,3396.82,3400.15,426.17,1448313.35,3396.82,direct,
2024-11-23 22:36:00,3401.54,3401.55,3401.54,3401.55,3401.54,0.23725488,2,3402.64,3396.73,3396.82,435.18,1479636.56,3401.28,direct,
2024-11-23 22:37:00,3402.43,3404.3,3402.43,3403.09,3403.74,51.93751046,13,3403.94,3400.77,3401.28,366.29,1246535.35,3403.04,direct,
2024-11-23 22:38:00,3402.35,3403.44,3402.35,3403.28,3403.3,0.11509268,7,3403.99,3402.06,3403.04,141.81,482596.23,3403.93,direct,
2024-11-23 22:39:00,3404.26,3404.26,3404.08,3404.12,3404.11,6.18679901,16,3405.48,3403.66,3403.93,207.47,706366.13,3404.14,direct,
2024-11-23 22:40:00,3404.12,3404.12,3404.11,3404.11,3404.11,2.46611072,7,3405.5,3403.53,3404.14,154.98,527585.87,3405.49,direct,
2024-11-23 22:41:00,3404.12,3405.74,3404.12,3405.65,3404.24,3.52465657,12,3407.42,3405.49,3405.49,119.05,405414.18,3407.42,direct,
2024-11-23 22:42:00,3407.09,3407.09,3404.75,3404.91,3404.82,5.85134627,10,3408.16,3405.04,3407.42,129.91,442580.25,3405.05,direct,
2024-11-23 22:43:00,3404.92,3405.4,3404.92,3405.4,3404.92,0.1856799,6,3407.15,3405.03,3405.05,78.09,265903.0,3407.15,direct,
2024-11-23 22:44:00,3405.19,3405.19,3405.02,3405.15,3405.09,0.37089475,8,3407.57,3405.11,3407.15,105.9,360744.05,3405.11,direct,
2024-11-23 22:45:00,3405.15,3405.15,3405.15,3405.15,3405.15,7.69168929,9,3405.11,3404.45,3405.11,127.95,435623.11,3404.45,direct,
2024-11-23 22:46:00,3405.15,3405.15,3404.0,3404.01,3404.04,0.25040258,11,3404.45,3401.17,3404.45,180.27,613283.08,3403.83,direct,
2024-11-23 22:47:00,3404.0,3405.13,3404.0,3405.13,3404.64,0.05033681,3,3406.51,3403.83,3403.83,130.51,444370.81,3406.48,direct,
2024-11-23 22:48:00,3405.13,3407.1,3405.13,3407.1,3406.98,4.91717178,21,3407.93,3406.48,3406.48,104.07,354552.05,3407.93,direct,
2024-11-23 22:49:00,3407.1,3409.11,3407.1,3409.11,3407.27,1.12302114,7,3410.44,3407.93,3407.93,164.34,560336.21,3409.69,direct,
2024-11-23 22:50:00,3410.12,3411.85,3410.12,3411.31,3410.52,0.91430161,5,3412.61,3409.56,3409.69,355.18,1211635.52,3411.49,direct,
2024-11-23 22:51:00,3411.62,3411.62,3409.17,3409.3,3411.19,2.89828191,23,3411.55,3408.82,3411.49,122.54,417904.21,3409.26,direct,
2024-11-23 22:52:00,3409.3,3409.65,3409.3,3409.3,3409.62,2.1779635,9,3409.67,3408.81,3409.26,84.36,287598.21,3409.0,direct,
2024-11-23 22:53:00,3409.3,3409.91,3409.29,3409.91,3409.29,0.23431543,6,3411.63,3408.95,3409.0,131.08,447012.37,3411.19,direct,
2024-11-23 22:54:00,3409.91,3414.02,3409.91,3414.02,3413.65,1.69947429,14,3414.14,3411.19,3411.19,210.62,718813.04,3414.0,direct,
2024-11-23 22:55:00,3414.29,3414.4,3411.46,3411.46,3413.82,0.63057015,7,3414.24,3410.44,3414.0,295.41,1008016.77,3410.48,direct,
2024-11-23 22:56:00,3411.88,3411.88,3411.74,3411.74,3411.82,0.65741914,3,3412.06,3410.42,3410.48,150.99,515093.13,3410.67,direct,
2024-11-23 22:57:00,3410.59,3410.59,3410.28,3410.28,3410.51,0.01906991,2,3410.67,3409.43,3410.67,81.88,279127.34,3410.16,direct,
2024-11-23 22:58:00,3410.28,3410.43,3409.64,3409.64,3410.25,2.07556172,6,3410.44,3409.46,3410.16,104.67,356874.33,3409.65,direct,
2024-11-23 22:59:00,3409.59,3409.64,3409.59,3409.64,3409.62,0.28328471,6,3411.13,3408.48,3409.65,173.39,591135.8,3410.65,direct,
2024-11-23 23:00:00,3409.64,3409.64,3409.63,3409.64,3409.63,0.39781611,6,3410.65,3409.29,3410.65,165.27,563575.99,3409.58,direct,
2024-11-23 23:01:00,3409.64,3409.64,3409.63,3409.64,3409.63,0.43637553,7,3409.76,3407.21,3409.58,98.79,336688.09,3407.24,direct,
2024-11-23 23:02:00,3409.64,3409.64,3403.58,3403.58,3404.03,6.46621814,12,3407.24,3402.17,3407.24,348.57,1186522.3,3402.38,direct,
2024-11-23 23:03:00,3403.58,3403.58,3402.85,3402.85,3403.37,0.01496429,4,3403.22,3399.55,3402.38,958.83,3261163.47,3400.52,direct,
2024-11-23 23:04:00,3402.38,3402.39,3398.62,3399.02,3400.76,0.69424158,11,3401.64,3398.26,3400.52,1175.58,3997268.12,3398.84,direct,
2024-11-23 23:05:00,3400.07,3403.83,3400.07,3403.83,3402.33,0.04516538,4,3404.67,3398.84,3398.84,1069.97,3640400.93,3404.28,direct,
2024-11-23 23:06:00,3405.05,3407.24,3405.05,3407.24,3405.93,0.06122412,6,3409.67,3403.74,3404.28,816.04,2779911.09,3409.06,direct,
2024-11-23 23:07:00,3408.14,3409.77,3407.49,3409.77,3408.06,17.57448328,18,3409.54,3407.0,3409.06,555.24,1892616.25,3409.54,direct,
2024-11-23 23:08:00,3409.62,3410.6,3408.59,3408.59,3410.07,0.15072654,8,3410.18,3407.97,3409.54,304.5,1038225.26,3408.02,direct,
2024-11-23 23:09:00,3408.33,3408.33,3406.55,3406.92,3407.12,0.15169258,5,3408.03,3405.35,3408.02,252.5,860206.2,3405.62,direct,
2024-11-23 23:10:00,3406.28,3407.53,3406.22,3407.53,3406.49,0.61730205,4,3407.78,3405.31,3405.62,382.85,1304286.05,3407.53,direct,
2024-11-23 23:11:00,3407.95,3407.96,3407.95,3407.96,3407.95,0.01858958,2,3408.94,3407.25,3407.53,322.93,1100650.52,3407.89,direct,
2024-11-23 23:12:00,3408.16,3408.44,3408.13,3408.44,3408.38,1.07071676,4,3409.22,3407.62,3407.89,247.59,843874.28,3408.45,direct,
2024-11-23 23:13:00,3407.96,3407.96,3406.53,3407.0,3406.86,2.29678286,9,3409.33,3406.83,3408.45,332.54,1133251.36,3408.66,direct,
2024-11-23 23:14:00,3408.44,3408.45,3408.16,3408.16,3408.43,0.16883353,5,3408.73,3407.7,3408.66,99.72,339839.88,3407.9,direct,
2024-11-23 23:15:00,3408.44,3408.44,3408.44,3408.44,3408.44,0.50216521,4,3410.27,3407.57,3407.9,221.76,756021.51,3410.14,direct,
2024-11-23 23:16:00,3408.45,3408.45,3408.45,3408.45,3408.45,8.61121084,4,3411.17,3408.75,3410.14,488.21,1664829.58,3409.56,direct,
2024-11-23 23:17:00,3408.45,3408.45,3408.45,3408.45,3408.45,1.1567647,3,3409.93,3407.97,3409.56,300.66,1024957.57,3408.95,direct,
2024-11-23 23:18:00,3408.45,3408.45,3405.12,3405.33,3408.06,7.47072434,9,3408.95,3404.61,3408.95,415.57,1415542.13,3405.17,direct,
2024-11-23 23:19:00,3405.3,3405.3,3401.3,3401.45,3403.85,3.19064016,11,3405.48,3400.51,3405.17,413.07,1405627.75,3400.55,direct,
2024-11-23 23:20:00,3401.05,3401.47,3401.05,3401.47,3401.07,0.12464551,2,3402.43,3399.33,3400.55,810.86,2757644.21,3400.54,direct,
2024-11-23 23:21:00,3400.18,3400.19,3398.2,3398.2,3398.31,1.62542181,12,3400.88,3395.21,3400.54,996.0,3384412.16,3395.3,direct,
2024-11-23 23:22:00,3397.99,3397.99,3394.0,3394.0,3395.94,2.94530367,22,3396.33,3392.51,3395.3,749.13,2542961.72,3393.35,direct,
2024-11-23 23:23:00,3393.74,3393.74,3391.0,3391.0,3391.29,0.94305633,13,3393.35,3387.65,3393.35,964.16,3268285.49,3389.58,direct,
2024-11-23 23:24:00,3391.01,3391.01,3389.02,3389.03,3390.06,5.57347361,13,3391.96,3386.21,3389.58,1028.32,3485105.76,3391.48,direct,
2024-11-23 23:25:00,3389.04,3391.02,3389.04,3391.02,3390.38,0.03827908,7,3393.95,3391.47,3391.48,552.49,1874549.28,3393.59,direct,
2024-11-23 23:26:00,3392.01,3394.12,3392.01,3394.08,3393.94,0.12941441,8,3394.62,3392.03,3393.59,386.8,1312701.86,3393.96,direct,
2024-11-23 23:27:00,3392.32,3392.5,3392.04,3392.5,3392.14,0.50908157,4,3393.96,3392.11,3393.96,263.64,894544.72,3393.75,direct,
2024-11-23 23:28:00,3392.5,3392.5,3390.97,3390.97,3392.33,0.82739024,7,3394.87,3390.42,3393.75,561.79,1905692.79,3390.48,direct,
2024-11-23 23:29:00,3392.46,3392.5,3392.46,3392.49,3392.48,0.35454311,5,3393.84,3390.33,3390.48,497.22,1686781.21,3393.82,direct,
2024-11-23 23:30:00,3392.49,3392.5,3391.95,3391.95,3392.36,0.02522121,4,3394.3,3392.03,3393.82,572.33,1941930.61,3392.19,direct,
2024-11-23 23:31:00,3392.5,3394.41,3392.49,3394.41,3392.5,82.91791824,25,3396.97,3392.16,3392.19,685.82,2328652.73,3396.96,direct,
2024-11-23 23:32:00,3394.41,3395.0,3394.41,3394.99,3394.98,0.58972618,7,3397.85,3395.05,3396.96,810.58,2753396.2,3396.48,direct,
2024-11-23 23:33:00,3395.0,3395.0,3394.99,3394.99,3394.99,0.09225094,4,3397.72,3395.39,3396.48,333.96,1134306.73,3397.61,direct,
2024-11-23 23:34:00,3395.0,3395.0,3394.99,3395.0,3394.99,0.13474155,5,3397.94,3396.34,3397.61,222.26,755064.87,3396.82,direct,
2024-11-23 23:35:00,3395.0,3397.62,3394.99,3397.62,3395.29,3.03953462,19,3400.41,3396.78,3396.82,358.34,1217993.68,3399.99,direct,
2024-11-23 23:36:00,3397.62,3398.59,3397.62,3398.59,3397.98,0.43165779,7,3400.31,3398.39,3399.99,386.78,1314775.16,3399.36,direct,
2024-11-23 23:37:00,3398.81,3398.81,3398.64,3398.64,3398.64,0.31367167,4,3399.56,3396.98,3399.36,333.99,1134944.03,3398.39,direct,
2024-11-23 23:38:00,3398.64,3398.64,3398.63,3398.63,3398.63,1.91108,2,3398.39,3395.98,3398.39,246.08,835985.54,3397.68,direct,
2024-11-23 23:39:00,3398.64,3399.45,3398.64,3399.44,3398.66,15.49962141,15,3401.27,3397.68,3397.68,338.17,1149620.78,3401.26,direct,
2024-11-23 23:40:00,3399.44,3399.45,3399.44,3399.45,3399.44,0.31147779,4,3401.42,3398.76,3401.26,388.57,1321297.5,3399.15,direct,
2024-11-23 23:41:00,3399.45,3401.14,3399.45,3401.14,3399.46,10.04415628,14,3403.74,3399.15,3399.15,329.52,1120840.3,3403.74,direct,
2024-11-23 23:42:00,3401.15,3402.07,3401.15,3401.34,3401.49,0.06973928,9,3403.74,3400.27,3403.74,278.65,947998.65,3400.36,direct,
2024-11-23 23:43:00,3401.34,3402.16,3401.34,3401.35,3401.36,1.51055397,5,3402.53,3400.02,3400.36,214.76,730494.86,3401.13,direct,
2024-11-23 23:44:00,3401.34,3401.34,3401.34,3401.34,3401.34,0.69208593,3,3401.92,3400.81,3401.13,226.2,769374.47,3401.74,direct,
2024-11-23 23:45:00,3401.26,3401.34,3401.21,3401.3,3401.32,3.47055183,8,3403.34,3401.11,3401.74,355.25,1208525.13,3401.42,direct,
2024-11-23 23:46:00,3401.34,3401.34,3401.33,3401.33,3401.33,0.53986893,4,3401.71,3398.92,3401.42,450.93,1533202.28,3400.31,direct,
2024-11-23 23:47:00,3401.34,3401.34,3401.03,3401.03,3401.24,29.05385715,13,3401.03,3397.83,3400.31,319.79,1087083.12,3397.83,direct,
2024-11-23 23:48:00,3401.03,3401.04,3393.2,3393.25,3399.38,42.24775785,19,3398.99,3392.56,3397.83,895.5,3040268.67,3393.4,direct,
2024-11-23 23:49:00,3392.48,3392.48,3389.86,3389.86,3391.56,0.99091989,5,3393.76,3387.31,3393.4,1098.16,3724016.53,3387.31,direct,
2024-11-23 23:50:00,3389.86,3389.86,3389.86,3389.86,3389.86,27.21497815,12,3390.81,3386.47,3387.31,766.38,2596961.44,3387.27,direct,
2024-11-23 23:51:00,3389.01,3389.01,3388.42,3388.42,3389.0,2.69055875,8,3389.64,3386.35,3387.27,502.37,1702010.7,3389.37,direct,
2024-11-23 23:52:00,3389.02,3391.17,3389.02,3391.17,3391.14,4.74827506,9,3393.03,3388.11,3389.37,905.37,3069637.07,3393.01,direct,
2024-11-23 23:53:00,3392.72,3395.16,3392.72,3395.16,3393.51,0.05031303,4,3395.66,3392.34,3393.01,393.04,1333943.55,3395.2,direct,
2024-11-23 23:54:00,3395.16,3396.03,3395.16,3396.02,3395.56,3.96347643,7,3398.31,3393.93,3395.2,279.63,949678.61,3398.11,direct,
2024-11-23 23:55:00,3396.03,3396.03,3395.79,3395.79,3396.01,2.09188012,8,3398.12,3395.64,3398.11,523.61,1778379.85,3396.96,direct,
2024-11-23 23:56:00,3396.03,3399.21,3396.03,3399.21,3396.81,2.67294585,8,3399.81,3396.93,3396.96,460.91,1566720.31,3398.95,direct,
2024-11-23 23:57:00,3397.75,3398.46,3397.46,3397.46,3397.66,0.4018536,6,3398.95,3397.03,3398.95,400.53,1360928.96,3397.38,direct,
2024-11-23 23:58:00,3397.23,3397.45,3396.2,3397.45,3396.82,0.29666398,7,3397.47,3395.81,3397.38,173.18,588202.03,3397.47,direct,
2024-11-23 23:59:00,3397.45,3397.45,3397.28,3397.28,3397.34,0.07550769,2,3398.24,3396.81,3397.47,258.36,877792.19,3397.31,direct,
2024-11-24 00:00:00,3397.44,3397.6,3394.22,3394.22,3397.44,50.96269101,20,3397.72,3392.41,3397.31,781.74,2654289.04,3395.86,direct,
2024-11-24 00:01:00,3394.95,3398.21,3394.95,3398.21,3396.17,0.58261473,8,3399.38,3394.72,3395.86,902.59,3066235.89,3399.07,direct,
2024-11-24 00:02:00,3398.21,3400.0,3398.21,3400.0,3399.88,0.7599598,7,3402.68,3399.02,3399.07,909.18,3092604.89,3401.6,direct,
2024-11-24 00:03:00,3400.0,3402.53,3400.0,3402.53,3400.11,16.75755589,26,3403.74,3400.92,3401.6,677.83,2306342.57,3403.03,direct,
2024-11-24 00:04:00,3402.86,3402.97,3401.53,3401.53,3401.86,1.36811867,8,3403.34,3400.72,3403.03,737.97,2510766.19,3401.88,direct,
2024-11-24 00:05:00,3403.28,3406.69,3403.28,3406.69,3405.98,0.33418036,13,3407.29,3401.84,3401.88,862.75,2937292.76,3407.26,direct,
2024-11-24 00:06:00,3406.8,3406.92,3406.8,3406.92,3406.82,0.01365191,3,3407.68,3405.06,3407.26,667.68,2274600.41,3407.67,direct,
2024-11-24 00:07:00,3406.25,3406.25,3405.0,3405.0,3406.04,2.59771713,7,3407.68,3402.77,3407.67,495.2,1686033.49,3404.73,direct,
2024-11-24 00:08:00,3406.26,3407.69,3406.02,3407.69,3406.95,0.43167419,11,3409.58,3404.73,3404.73,799.22,2723030.86,3408.61,direct,
2024-11-24 00:09:00,3407.7,3412.11,3407.7,3412.11,3409.5,0.80665984,13,3414.98,3407.25,3408.61,1178.91,4020584.51,3414.98,direct,
2024-11-24 00:10:00,3414.25,3417.13,3413.15,3417.13,3416.14,0.65155941,18,3417.25,3412.85,3414.98,1245.35,4253360.35,3416.99,direct,
2024-11-24 00:11:00,3417.4,3418.44,3417.2,3417.2,3417.26,3.09819011,13,3419.53,3416.48,3416.99,862.77,2948886.23,3417.41,direct,
2024-11-24 00:12:00,3417.12,3417.12,3415.17,3415.17,3416.47,1.07122354,7,3417.54,3415.08,3417.41,716.4,2447548.64,3417.51,direct,
2024-11-24 00:13:00,3416.48,3416.48,3416.47,3416.47,3416.47,5.93867602,5,3418.44,3412.96,3417.51,704.81,2407408.41,3413.48,direct,
2024-11-24 00:14:00,3412.36,3416.69,3412.36,3415.95,3415.97,57.34049386,12,3416.69,3412.23,3413.48,555.67,1897583.98,3416.29,direct,
2024-11-24 00:15:00,3416.06,3418.06,3416.05,3417.91,3417.69,1.10083797,12,3418.26,3415.32,3416.29,579.96,1981879.25,3417.88,direct,
2024-11-24 00:16:00,3417.35,3417.35,3415.88,3415.88,3416.33,1.47748343,4,3417.88,3414.55,3417.88,613.55,2095994.98,3415.38,direct,
2024-11-24 00:17:00,3415.88,3415.88,3415.88,3415.88,3415.88,1.18343322,6,3417.6,3414.79,3415.38,294.97,1007833.74,3414.79,direct,
2024-11-24 00:18:00,3415.87,3417.69,3413.67,3417.21,3417.41,9.85901715,18,3418.02,3413.31,3414.79,576.44,1969243.83,3417.27,direct,
2024-11-24 00:19:00,3417.35,3417.35,3416.25,3417.05,3416.9,2.32907364,9,3418.86,3415.85,3417.27,493.24,1685545.62,3418.3,direct,
2024-11-24 00:20:00,3418.24,3419.97,3418.24,3419.97,3419.38,0.27360076,18,3421.12,3418.25,3418.3,525.45,1797173.54,3419.6,direct,
2024-11-24 00:21:00,3419.98,3420.0,3417.74,3417.74,3419.17,0.43832177,7,3421.2,3417.86,3419.6,681.35,2329892.98,3418.62,direct,
2024-11-24 00:22:00,3419.95,3420.0,3419.95,3420.0,3419.99,2.31698122,3,3421.93,3418.52,3418.62,654.41,2238603.11,3421.28,direct,
2024-11-24 00:23:00,3419.8,3420.0,3419.15,3419.79,3419.81,7.14300625,12,3421.4,3418.43,3421.28,470.39,1608815.03,3420.15,direct,
2024-11-24 00:24:00,3419.23,3420.0,3418.93,3420.0,3419.07,6.17316576,7,3421.37,3419.02,3420.15,491.35,1680436.72,3420.9,direct,
2024-11-24 00:25:00,3419.88,3420.0,3419.31,3420.0,3419.66,0.12976706,5,3421.62,3419.35,3420.9,622.81,2130344.05,3420.34,direct,
2024-11-24 00:26:00,3420.0,3424.64,3420.0,3424.63,3421.93,3.61165126,23,3425.16,3420.13,3420.34,883.34,3023681.92,3424.88,direct,
2024-11-24 00:27:00,3424.61,3424.61,3423.43,3423.79,3424.34,0.60554761,6,3425.64,3422.71,3424.88,452.0,1547684.08,3425.64,direct,
2024-11-24 00:28:00,3424.32,3425.0,3424.32,3425.0,3424.99,5.1994393,5,3427.75,3424.3,3425.64,547.98,1877534.5,3426.62,direct,
2024-11-24 00:29:00,3424.99,3428.26,3424.99,3428.26,3425.46,3.49478468,16,3428.6,3426.35,3426.62,625.24,2143261.02,3428.12,direct,
2024-11-24 00:30:00,3427.0,3428.46,3427.0,3427.6,3428.15,2.56255005,28,3429.22,3424.57,3428.12,708.11,2426754.77,3425.82,direct,
2024-11-24 00:31:00,3426.56,3427.39,3425.05,3425.05,3426.63,4.31895937,16,3427.3,3424.29,3425.82,709.5,2430776.62,3424.29,direct,
2024-11-24 00:32:00,3424.92,3426.68,3424.92,3425.25,3425.39,52.65580204,11,3426.38,3424.0,3424.29,433.54,1484930.92,3425.09,direct,
2024-11-24 00:33:00,3425.0,3425.65,3425.0,3425.65,3425.0,0.61541632,4,3426.13,3423.27,3425.09,526.02,1801453.85,3426.07,direct,
2024-11-24 00:34:00,3425.01,3425.01,3421.77,3422.92,3424.84,42.69683797,10,3426.07,3421.66,3426.07,402.03,1376373.43,3422.16,direct,
2024-11-24 00:35:00,3421.12,3421.12,3416.53,3417.65,3418.61,0.99383221,11,3422.16,3415.7,3422.16,825.35,2820867.67,3417.31,direct,
2024-11-24 00:36:00,3417.65,3419.97,3417.65,3419.97,3417.89,0.90661892,10,3419.59,3417.29,3417.31,675.45,2309343.12,3419.2,direct,
2024-11-24 00:37:00,3419.65,3419.65,3416.77,3416.77,3419.39,3.49653463,16,3420.03,3415.22,3419.2,334.43,1143247.08,3415.57,direct,
2024-11-24 00:38:00,3416.03,3416.72,3411.96,3411.96,3414.86,15.03901067,21,3416.58,3411.02,3415.57,727.9,2484779.49,3411.59,direct,
2024-11-24 00:39:00,3413.66,3413.66,3413.66,3413.66,3413.66,1.0012441,3,3413.58,3411.59,3411.59,320.19,1092840.19,3412.88,direct,
2024-11-24 00:40:00,3413.67,3416.06,3413.67,3416.06,3414.26,1.08203659,9,3416.69,3411.57,3412.88,477.3,1629580.2,3416.61,direct,
2024-11-24 00:41:00,3416.77,3416.78,3413.66,3413.66,3415.06,18.74579339,17,3417.47,3413.58,3416.61,498.25,1701766.15,3413.69,direct,
2024-11-24 00:42:00,3414.68,3414.68,3413.67,3413.67,3414.3,0.10198164,4,3414.92,3412.09,3413.69,286.91,979444.93,3414.82,direct,
2024-11-24 00:43:00,3414.48,3414.61,3413.67,3414.61,3414.05,1.94062263,6,3417.07,3412.96,3414.82,499.44,1705784.42,3416.1,direct,
2024-11-24 00:44:00,3416.1,3417.06,3415.23,3415.93,3416.26,1.10585195,11,3418.11,3414.81,3416.1,402.33,1374551.51,3415.93,direct,
2024-11-24 00:45:00,3415.93,3415.93,3413.67,3414.38,3414.17,2.94660943,16,3418.11,3413.31,3415.93,487.26,1663932.63,3418.06,direct,
2024-11-24 00:46:00,3415.66,3420.0,3415.66,3420.0,3419.13,1.67677569,15,3421.95,3418.0,3418.06,465.18,1590987.83,3420.42,direct,
2024-11-24 00:47:00,3420.0,3420.0,3419.99,3420.0,3419.99,0.44713634,5,3422.24,3419.91,3420.42,360.53,1233488.41,3422.21,direct,
2024-11-24 00:48:00,3420.0,3422.34,3419.99,3422.34,3420.0,2.19201638,15,3423.19,3420.58,3422.21,385.67,1319804.2,3422.37,direct,
2024-11-24 00:49:00,3423.05,3423.05,3421.8,3421.98,3421.99,0.65327758,10,3423.39,3420.52,3422.37,416.69,1425945.4,3421.63,direct,
2024-11-24 00:50:00,3422.53,3423.67,3422.53,3423.67,3423.53,0.43846592,6,3423.71,3421.63,3421.63,479.95,1642786.44,3423.65,direct,
2024-11-24 00:51:00,3423.67,3423.67,3421.69,3421.69,3423.2,3.72019,10,3423.65,3420.39,3423.65,357.48,1223346.02,3421.25,direct,
2024-11-24 00:52:00,3421.61,3421.86,3420.8,3421.32,3421.31,2.60732659,5,3422.05,3420.67,3421.25,192.08,657171.96,3421.51,direct,
2024-11-24 00:53:00,3421.29,3422.0,3421.29,3422.0,3421.99,1.63141109,9,3424.24,3420.78,3421.51,202.46,692972.37,3423.73,direct,
2024-11-24 00:54:00,3422.0,3427.27,3422.0,3426.58,3424.07,23.54570911,17,3428.0,3423.73,3423.73,665.1,2279046.73,3426.69,direct,
2024-11-24 00:55:00,3426.64,3426.72,3426.64,3426.72,3426.68,0.01889339,2,3427.0,3424.22,3426.69,469.03,1606650.92,3426.35,direct,
2024-11-24 00:56:00,3426.71,3426.72,3426.71,3426.72,3426.71,0.06911957,2,3426.71,3424.84,3426.35,335.5,1149329.72,3424.85,direct,
2024-11-24 00:57:00,3426.71,3426.71,3426.71,3426.71,3426.71,0.84590845,3,3426.12,3423.79,3424.85,202.36,693127.86,3423.79,direct,
2024-11-24 00:58:00,3426.71,3426.71,3423.29,3423.3,3426.26,3.4524017,11,3424.46,3420.94,3423.79,274.33,938943.64,3421.72,direct,
2024-11-24 00:59:00,3423.29,3423.3,3420.47,3421.51,3421.27,0.55293384,8,3421.72,3419.85,3421.72,259.19,886574.17,3420.86,direct,
2024-11-24 01:00:00,3421.51,3423.06,3421.51,3422.34,3422.12,0.0474096,6,3423.92,3420.86,3420.86,357.26,1222674.27,3423.67,direct,
2024-11-24 01:01:00,3423.06,3425.19,3423.06,3423.9,3424.33,0.48920194,8,3425.79,3423.58,3423.67,234.01,801381.33,3425.79,direct,
2024-11-24 01:02:00,3424.76,3424.76,3424.75,3424.75,3424.75,0.00947,3,3426.15,3423.23,3425.79,323.9,1109370.55,3426.14,direct,
2024-11-24 01:03:00,3426.69,3426.7,3426.69,3426.7,3426.69,0.01682445,2,3427.46,3424.61,3426.14,468.78,1606207.48,3427.46,direct,
2024-11-24 01:04:00,3426.7,3427.82,3424.88,3424.89,3425.21,0.89865687,13,3428.21,3424.56,3427.46,572.13,1960334.04,3425.03,direct,
2024-11-24 01:05:00,3425.01,3425.01,3424.75,3424.77,3424.75,0.38998555,5,3426.36,3422.43,3425.03,495.59,1696744.67,3426.31,direct,
2024-11-24 01:06:00,3424.77,3428.1,3424.77,3428.1,3426.82,2.61220417,17,3427.68,3425.57,3426.31,455.35,1560421.57,3427.68,direct,
2024-11-24 01:07:00,3427.47,3433.02,3426.94,3433.02,3429.06,5.67634324,26,3436.04,3426.42,3427.68,1243.86,4268428.93,3436.03,direct,
2024-11-24 01:08:00,3433.22,3436.67,3433.22,3436.67,3435.02,4.23304562,17,3438.19,3435.37,3436.03,940.04,3230912.23,3437.8,direct,
2024-11-24 01:09:00,3437.59,3437.59,3432.3,3432.3,3434.74,2.15730217,8,3439.27,3430.33,3437.8,952.87,3271950.69,3431.78,direct,
2024-11-24 01:10:00,3432.31,3432.31,3431.34,3431.34,3432.17,7.27297228,9,3433.85,3430.01,3431.78,669.36,2297407.39,3430.8,direct,
2024-11-24 01:11:00,3430.86,3431.05,3430.01,3430.01,3430.44,0.6100194,8,3431.76,3428.48,3430.8,552.14,1894117.87,3431.22,direct,
2024-11-24 01:12:00,3430.8,3430.99,3429.37,3430.87,3429.97,55.6809896,20,3431.59,3428.61,3431.22,579.32,1987454.45,3431.22,direct,
2024-11-24 01:13:00,3431.22,3431.22,3429.48,3429.48,3430.33,1.80395506,6,3431.23,3428.9,3431.22,362.37,1242868.17,3429.31,direct,
2024-11-24 01:14:00,3428.37,3428.37,3425.32,3425.32,3427.44,2.94162172,7,3429.31,3423.75,3429.31,837.95,2871278.9,3424.94,direct,
2024-11-24 01:15:00,3425.95,3426.74,3425.31,3425.31,3426.29,0.29091424,8,3429.24,3424.77,3424.94,840.88,2882049.42,3425.69,direct,
2024-11-24 01:16:00,3424.76,3424.76,3423.45,3423.64,3423.6,0.32570239,6,3425.74,3422.17,3425.69,531.63,1820121.21,3423.87,direct,
2024-11-24 01:17:00,3422.77,3422.8,3421.39,3421.94,3422.24,0.207511,7,3423.89,3420.73,3423.87,331.72,1135151.61,3422.09,direct,
2024-11-24 01:18:00,3422.77,3422.77,3422.0,3422.0,3422.76,15.03489315,14,3423.0,3418.79,3422.09,347.58,1189128.57,3418.79,direct,
2024-11-24 01:19:00,3422.0,3422.0,3421.17,3421.57,3421.55,0.08686712,7,3421.9,3418.79,3418.79,567.26,1940515.2,3421.54,direct,
2024-11-24 01:20:00,3421.56,3421.57,3421.56,3421.57,3421.56,0.59202833,3,3423.73,3421.48,3421.54,281.58,963855.37,3423.2,direct,
2024-11-24 01:21:00,3421.57,3421.57,3421.35,3421.56,3421.5,0.4634601,6,3423.8,3421.26,3423.2,238.81,817386.7,3423.76,direct,
2024-11-24 01:22:00,3421.57,3421.57,3421.56,3421.56,3421.56,0.08702804,3,3423.81,3419.92,3423.76,376.23,1287474.5,3422.4,direct,
2024-11-24 01:23:00,3421.57,3421.66,3421.57,3421.66,3421.57,0.34732186,6,3422.4,3420.11,3422.4,299.19,1023744.58,3420.12,direct,
2024-11-24 01:24:00,3421.57,3421.57,3420.85,3420.85,3421.15,1.60941409,5,3422.01,3420.01,3420.12,403.18,1379253.66,3420.43,direct,
2024-11-24 01:25:00,3420.85,3422.65,3420.85,3422.65,3421.17,2.69848219,8,3422.85,3420.43,3420.43,217.19,743261.57,3422.24,direct,
2024-11-24 01:26:00,3422.58,3422.85,3422.58,3422.84,3422.82,0.27655962,4,3423.28,3422.24,3422.24,173.01,592225.57,3422.84,direct,
2024-11-24 01:27:00,3422.84,3422.84,3422.84,3422.84,3422.84,0.01620493,1,3423.04,3421.52,3422.84,129.64,443662.11,3422.7,direct,
2024-11-24 01:28:00,3422.22,3422.22,3421.55,3421.55,3421.88,0.63930364,4,3422.84,3421.41,3422.7,172.23,589387.93,3421.41,direct,
2024-11-24 01:29:00,3421.78,3421.78,3421.78,3421.78,3421.78,0.03666212,1,3422.5,3420.69,3421.41,195.89,670306.84,3422.33,direct,
2024-11-24 01:30:00,3422.65,3424.47,3421.49,3424.47,3423.32,2.91505098,24,3425.23,3421.64,3422.33,349.42,1196095.53,3425.22,direct,
2024-11-24 01:31:00,3424.46,3425.12,3424.46,3424.81,3424.47,20.55462141,16,3426.33,3423.63,3425.22,391.17,1339854.26,3423.67,direct,
2024-11-24 01:32:00,3425.04,3425.04,3420.86,3420.86,3424.81,6.78443001,12,3423.67,3420.91,3423.67,247.09,845516.44,3422.62,direct,
2024-11-24 01:33:00,3420.85,3424.02,3420.85,3423.25,3422.98,1.27263932,21,3425.04,3422.62,3422.62,302.77,1036685.49,3423.5,direct,
2024-11-24 01:34:00,3423.67,3424.09,3422.77,3424.09,3424.07,26.23849816,7,3425.32,3422.92,3423.5,368.37,1261284.68,3424.88,direct,
2024-11-24 01:35:00,3424.93,3425.43,3424.93,3425.43,3425.35,0.0416342,5,3426.13,3424.54,3424.88,264.41,905768.88,3425.0,direct,
2024-11-24 01:36:00,3425.43,3427.14,3425.42,3425.42,3425.95,457.22623055,46,3426.8,3424.57,3425.0,713.6,2444622.71,3424.93,direct,
2024-11-24 01:37:00,3425.43,3425.43,3425.42,3425.42,3425.42,0.02088123,5,3424.93,3422.87,3424.93,227.11,777618.18,3422.87,direct,
2024-11-24 01:38:00,3424.53,3424.53,3424.32,3424.32,3424.52,29.18845354,3,3424.89,3422.16,3422.87,449.04,1537514.72,3424.14,direct,
2024-11-24 01:39:00,3424.65,3424.66,3424.65,3424.66,3424.65,0.44388027,2,3426.75,3424.14,3424.14,336.49,1152720.85,3426.75,direct,
2024-11-24 01:40:00,3424.66,3425.43,3424.66,3425.43,3424.85,0.15855829,4,3427.11,3425.56,3426.75,115.95,397313.66,3425.6,direct,
2024-11-24 01:41:00,3425.43,3426.97,3425.43,3426.97,3426.13,0.18519833,8,3427.28,3425.49,3425.6,160.46,549837.14,3427.07,direct,
2024-11-24 01:42:00,3426.95,3426.95,3426.95,3426.95,3426.95,0.02493141,1,3427.09,3425.81,3427.07,140.89,482753.54,3426.88,direct,
2024-11-24 01:43:00,3426.8,3426.8,3426.8,3426.8,3426.8,0.02719788,1,3427.07,3426.74,3426.88,85.11,291683.17,3426.91,direct,
2024-11-24 01:44:00,3426.8,3426.8,3426.32,3426.32,3426.79,0.57412382,3,3426.93,3424.32,3426.91,293.0,1003668.03,3425.68,direct,
2024-11-24 01:45:00,3426.65,3426.76,3425.43,3425.43,3426.71,2.03980787,7,3427.07,3425.03,3425.68,225.0,770821.03,3427.04,direct,
2024-11-24 01:46:00,3427.0,3430.33,3427.0,3430.33,3429.29,3.77449,29,3431.94,3427.04,3427.04,477.0,1635962.22,3430.48,direct,
2024-11-24 01:47:00,3430.74,3433.09,3430.74,3432.6,3432.75,0.16485947,12,3434.01,3430.2,3430.48,494.48,1696969.43,3432.92,direct,
2024-11-24 01:48:00,3432.77,3435.08,3432.77,3434.29,3434.67,200.88151335,38,3434.63,3432.73,3432.92,415.37,1426402.64,3434.63,direct,
2024-11-24 01:49:00,3434.22,3434.46,3432.36,3432.36,3434.05,4.46841861,7,3435.97,3430.31,3434.63,442.59,1519604.17,3430.34,direct,
2024-11-24 01:50:00,3431.73,3431.91,3431.73,3431.91,3431.75,0.8672965,4,3432.86,3430.34,3430.34,310.73,1066343.37,3432.85,direct,
2024-11-24 01:51:00,3431.91,3435.6,3431.91,3435.43,3434.01,0.84020222,14,3435.6,3432.57,3432.85,452.32,1553540.74,3435.14,direct,
2024-11-24 01:52:00,3435.24,3436.16,3435.22,3435.36,3435.52,1.23079693,12,3436.76,3434.86,3435.14,269.62,926378.73,3435.67,direct,
2024-11-24 01:53:00,3435.49,3435.83,3435.49,3435.72,3435.74,0.39740157,6,3436.74,3434.35,3435.67,216.1,742391.23,3436.74,direct,
2024-11-24 01:54:00,3436.22,3438.56,3436.22,3438.56,3438.54,50.14969,28,3439.9,3436.69,3436.74,524.99,1805178.65,3439.81,direct,
2024-11-24 01:55:00,3438.55,3440.71,3437.76,3437.76,3439.5,8.0369667,29,3440.71,3437.49,3439.81,440.13,1513846.98,3438.35,direct,
2024-11-24 01:56:00,3439.03,3439.03,3437.98,3438.29,3438.01,2.00253511,5,3439.44,3437.63,3438.35,297.58,1023179.1,3438.43,direct,
2024-11-24 01:57:00,3439.38,3439.38,3438.54,3438.54,3438.56,2.23021744,5,3439.64,3437.15,3438.43,380.25,1307426.75,3437.8,direct,
2024-11-24 01:58:00,3438.9,3439.06,3436.67,3436.67,3438.98,1.97755032,8,3439.01,3435.19,3437.8,366.59,1259795.26,3435.96,direct,
2024-11-24 01:59:00,3436.76,3437.21,3435.89,3436.96,3436.88,2.63893467,7,3437.46,3435.77,3435.96,300.78,1033733.24,3437.02,direct,
2024-11-24 02:00:00,3437.17,3437.17,3435.23,3435.23,3436.87,3.50412036,10,3437.11,3434.81,3437.02,380.89,1308464.9,3434.86,direct,
2024-11-24 02:01:00,3435.23,3437.56,3435.22,3437.52,3436.62,2.17426885,11,3437.94,3434.86,3434.86,340.66,1170750.81,3436.2,direct,
2024-11-24 02:02:00,3435.76,3435.76,3435.76,3435.76,3435.76,0.00478697,1,3438.68,3434.78,3436.2,521.14,1790838.82,3438.23,direct,
2024-11-24 02:03:00,3437.67,3440.85,3437.67,3440.84,3439.88,12.47548997,24,3442.12,3438.23,3438.23,356.38,1226252.85,3442.09,direct,
2024-11-24 02:04:00,3440.85,3442.72,3440.85,3442.72,3442.01,3.25699389,32,3444.42,3441.7,3442.09,509.74,1755045.36,3442.28,direct,
2024-11-24 02:05:00,3442.73,3442.73,3442.72,3442.72,3442.72,0.29065183,4,3444.66,3441.86,3442.28,337.05,1160664.27,3444.44,direct,
2024-11-24 02:06:00,3442.73,3448.34,3442.73,3448.34,3445.77,18.51200647,44,3451.79,3444.15,3444.44,1296.44,4470287.4,3449.18,direct,
2024-11-24 02:07:00,3448.34,3450.0,3447.81,3448.46,3448.68,11.5568142,24,3450.9,3446.84,3449.18,461.87,1593009.42,3448.39,direct,
2024-11-24 02:08:00,3448.27,3448.27,3447.39,3447.39,3447.69,2.37873861,7,3449.43,3446.29,3448.39,444.2,1531464.58,3446.29,direct,
2024-11-24 02:09:00,3446.26,3446.57,3446.15,3446.19,3446.26,0.53169023,7,3447.27,3444.39,3446.29,601.69,2073140.34,3445.43,direct,
2024-11-24 02:10:00,3446.19,3448.31,3446.19,3448.08,3446.84,0.81557866,8,3448.68,3444.83,3445.43,380.36,1311030.36,3448.47,direct,
2024-11-24 02:11:00,3448.08,3448.08,3446.6,3446.88,3447.11,3.11862085,7,3448.53,3446.58,3448.47,252.5,870456.25,3446.84,direct,
2024-11-24 02:12:00,3446.94,3449.21,3446.56,3449.21,3446.76,0.65116251,6,3449.14,3445.82,3446.84,579.42,1997229.7,3449.14,direct,
2024-11-24 02:13:00,3449.21,3451.0,3449.21,3451.0,3450.0,91.31351834,33,3453.25,3449.11,3449.14,666.36,2300167.82,3452.79,direct,
2024-11-24 02:14:00,3451.0,3451.0,3450.46,3450.46,3450.63,0.43302407,2,3453.19,3449.51,3452.79,345.28,1191697.73,3450.35,direct,
2024-11-24 02:15:00,3450.02,3450.02,3446.52,3446.68,3449.39,2.86246703,8,3450.36,3446.88,3450.35,439.87,1517128.71,3448.27,direct,
2024-11-24 02:16:00,3447.76,3447.76,3446.52,3446.56,3446.67,1.36569567,6,3448.65,3444.99,3448.27,535.32,1845062.19,3445.65,direct,
2024-11-24 02:17:00,3446.19,3446.19,3442.28,3443.35,3445.32,5.26937176,14,3445.68,3442.48,3445.65,360.91,1242960.09,3444.44,direct,
2024-11-24 02:18:00,3444.24,3444.24,3441.55,3441.55,3444.14,1.18701446,4,3444.89,3441.0,3444.44,498.65,1716654.48,3441.94,direct,
2024-11-24 02:19:00,3441.77,3442.59,3441.77,3442.37,3442.34,0.2058184,9,3444.02,3439.87,3441.94,575.72,1981526.48,3440.87,direct,
2024-11-24 02:20:00,3438.93,3439.2,3438.93,3439.2,3439.19,2.93625546,12,3441.23,3438.49,3440.87,513.28,1765496.22,3439.44,direct,
2024-11-24 02:21:00,3439.68,3440.73,3439.64,3439.75,3440.03,0.55001159,11,3441.14,3439.44,3439.44,523.79,1801952.4,3440.14,direct,
2024-11-24 02:22:00,3439.23,3442.53,3439.23,3441.61,3439.9,0.37634934,6,3442.9,3438.6,3440.14,542.4,1866295.03,3442.79,direct,
2024-11-24 02:23:00,3442.19,3442.19,3442.17,3442.17,3442.18,0.02998685,2,3442.79,3440.23,3442.79,353.87,1217753.72,3441.51,direct,
2024-11-24 02:24:00,3441.13,3442.2,3441.13,3442.2,3441.18,0.18749465,11,3443.6,3441.51,3441.51,228.19,785722.64,3442.89,direct,
2024-11-24 02:25:00,3442.2,3442.2,3442.19,3442.19,3442.19,2.15291795,6,3444.77,3442.67,3442.89,244.87,843245.64,3444.74,direct,
2024-11-24 02:26:00,3442.2,3445.46,3442.2,3445.46,3444.16,10.82532729,36,3448.08,3444.7,3444.74,434.69,1498446.31,3446.96,direct,
2024-11-24 02:27:00,3445.45,3445.46,3445.45,3445.45,3445.45,0.72952512,7,3447.96,3445.28,3446.96,400.73,1381236.37,3447.84,direct,
2024-11-24 02:28:00,3445.46,3448.71,3445.46,3448.05,3446.3,5.70425645,51,3449.16,3447.36,3447.84,375.98,1296526.91,3448.35,direct,
2024-11-24 02:29:00,3447.87,3447.87,3444.22,3444.22,3447.23,3.7265626,21,3448.35,3443.98,3448.35,347.79,1198353.99,3444.18,direct,
2024-11-24 02:30:00,3444.21,3446.25,3444.21,3446.17,3445.1,0.63759138,20,3446.31,3443.3,3444.18,347.89,1198524.99,3446.2,direct,
2024-11-24 02:31:00,3446.12,3446.12,3445.31,3445.31,3445.35,0.15307475,7,3446.81,3443.79,3446.2,347.47,1196941.38,3443.79,direct,
2024-11-24 02:32:00,3445.32,3445.51,3445.31,3445.32,3445.32,4.61709852,22,3446.22,3443.51,3443.79,367.57,1266259.65,3445.13,direct,
2024-11-24 02:33:00,3445.31,3446.3,3445.31,3446.09,3445.84,2.66107923,27,3447.18,3445.13,3445.13,342.52,1180524.92,3446.35,direct,
2024-11-24 02:34:00,3446.09,3447.69,3446.09,3446.35,3446.38,0.53587904,20,3447.83,3445.39,3446.35,346.29,1193459.27,3445.39,direct,
2024-11-24 02:35:00,3445.33,3445.33,3441.13,3441.27,3444.66,6.4438562,13,3445.74,3441.02,3445.39,522.93,1800588.84,3442.25,direct,
2024-11-24 02:36:00,3441.36,3442.4,3441.14,3442.1,3441.95,1.51313269,22,3442.47,3441.2,3442.25,275.18,947140.61,3442.16,direct,
2024-11-24 02:37:00,3441.13,3441.14,3441.13,3441.14,3441.13,0.90107826,3,3442.64,3440.11,3442.16,352.07,1211506.36,3441.33,direct,
2024-11-24 02:38:00,3441.21,3441.21,3440.13,3440.14,3440.28,0.77097159,5,3441.54,3440.24,3441.33,189.76,652959.39,3440.27,direct,
2024-11-24 02:39:00,3440.13,3441.02,3440.13,3441.02,3440.87,2.502893,6,3441.3,3440.24,3440.27,203.7,700884.01,3440.81,direct,
2024-11-24 02:40:00,3441.21,3442.58,3441.2,3441.85,3441.97,15.24768148,12,3443.12,3439.53,3440.81,395.46,1360874.88,3441.76,direct,
2024-11-24 02:41:00,3442.63,3442.8,3442.63,3442.79,3442.78,0.66392499,6,3444.3,3441.76,3441.76,407.87,1404500.51,3443.12,direct,
2024-11-24 02:42:00,3442.35,3442.8,3442.2,3442.8,3442.38,0.50519361,4,3444.12,3442.16,3443.12,220.31,758489.74,3444.12,direct,
2024-11-24 02:43:00,3442.8,3442.8,3442.8,3442.8,3442.8,0.05933972,3,3444.74,3442.34,3444.12,390.67,1345289.05,3442.35,direct,
2024-11-24 02:44:00,3441.54,3442.31,3441.54,3441.72,3441.6,0.26072555,3,3443.08,3441.01,3442.35,283.16,974625.71,3441.02,direct,
2024-11-24 02:45:00,3442.07,3442.57,3441.72,3442.54,3442.1,2.00009714,6,3443.02,3440.09,3441.02,385.21,1325879.82,3441.94,direct,
2024-11-24 02:46:00,3442.21,3442.23,3441.89,3441.89,3441.89,2.1775202,5,3442.49,3440.86,3441.94,314.12,1081153.9,3442.49,direct,
2024-11-24 02:47:00,3442.79,3442.79,3441.88,3441.88,3442.5,0.113001,3,3443.24,3440.41,3442.49,215.0,740034.07,3441.18,direct,
2024-11-24 02:48:00,3442.12,3442.47,3442.12,3442.33,3442.27,9.23372163,6,3442.48,3441.17,3441.18,201.25,692727.95,3442.46,direct,
2024-11-24 02:49:00,3442.49,3442.49,3441.13,3441.13,3442.47,5.61888221,6,3443.19,3440.13,3442.46,418.84,1441405.22,3440.15,direct,
2024-11-24 02:50:00,3441.13,3441.13,3441.13,3441.13,3441.13,1.87808282,2,3440.74,3438.13,3440.15,382.29,1314956.04,3438.13,direct,
2024-11-24 02:51:00,3441.12,3441.12,3436.26,3436.74,3437.03,206.74686785,63,3438.21,3436.36,3438.13,602.94,2072349.37,3436.87,direct,
2024-11-24 02:52:00,3437.21,3437.21,3437.21,3437.21,3437.21,0.31448474,3,3438.55,3436.86,3436.87,253.38,871135.89,3438.51,direct,
2024-11-24 02:53:00,3437.2,3437.44,3437.2,3437.44,3437.43,5.02586187,7,3439.92,3437.95,3438.51,243.42,837074.64,3439.9,direct,
2024-11-24 02:54:00,3437.44,3437.44,3437.43,3437.44,3437.43,1.31859752,3,3440.03,3436.14,3439.9,271.05,931952.71,3436.27,direct,
2024-11-24 02:55:00,3437.43,3437.44,3437.43,3437.44,3437.43,5.20685556,10,3436.8,3434.41,3436.27,197.9,679876.6,3435.9,direct,
2024-11-24 02:56:00,3437.44,3437.44,3437.43,3437.43,3437.43,0.43517974,5,3436.38,3434.73,3435.9,263.78,906186.26,3435.06,direct,
2024-11-24 02:57:00,3437.44,3437.44,3434.79,3434.98,3435.65,29.76388576,7,3435.61,3433.73,3435.06,268.32,921617.16,3434.37,direct,
2024-11-24 02:58:00,3434.65,3435.98,3433.3,3435.98,3434.07,5.99409787,22,3435.81,3432.94,3434.37,378.58,1300106.24,3434.79,direct,
2024-11-24 02:59:00,3435.0,3435.01,3435.0,3435.01,3435.0,6.38554416,8,3434.79,3433.49,3434.79,193.87,665757.17,3434.52,direct,
2024-11-24 03:00:00,3435.01,3435.01,3431.14,3432.76,3434.87,50.96857776,25,3434.55,3430.33,3434.52,589.32,2022722.79,3432.35,direct,
2024-11-24 03:01:00,3433.1,3433.1,3430.63,3431.39,3432.31,3.10040569,11,3432.83,3430.6,3432.35,402.76,1382047.62,3431.08,direct,
2024-11-24 03:02:00,3431.46,3432.01,3430.65,3432.01,3431.86,2.4383,12,3433.31,3430.94,3431.08,218.04,748269.53,3432.88,direct,
2024-11-24 03:03:00,3432.02,3432.02,3432.01,3432.01,3432.01,5.14746059,16,3433.23,3429.32,3432.88,346.27,1188218.14,3429.68,direct,
2024-11-24 03:04:00,3432.01,3432.02,3429.72,3430.09,3431.98,46.89824291,15,3430.3,3427.97,3429.68,305.05,1046111.14,3430.3,direct,
2024-11-24 03:05:00,3430.09,3430.46,3430.09,3430.46,3430.17,0.8244997,23,3433.98,3429.57,3430.3,398.52,1367604.57,3433.98,direct,
2024-11-24 03:06:00,3432.87,3433.56,3432.87,3433.56,3433.35,1.38156518,7,3434.02,3432.36,3433.98,407.44,1399003.65,3433.73,direct,
2024-11-24 03:07:00,3433.57,3435.38,3433.57,3434.77,3434.76,7.94837849,22,3435.66,3433.72,3433.73,449.55,1544196.99,3434.96,direct,
2024-11-24 03:08:00,3434.78,3434.78,3433.67,3433.78,3433.77,4.75377032,4,3435.49,3433.68,3434.96,257.43,884169.76,3434.13,direct,
2024-11-24 03:09:00,3433.87,3435.18,3433.87,3435.1,3435.09,75.37691393,26,3435.48,3434.11,3434.13,278.24,955760.51,3435.48,direct,
2024-11-24 03:10:00,3434.84,3434.84,3433.91,3434.72,3434.57,1.19184927,9,3435.55,3433.93,3435.48,249.51,857020.84,3434.06,direct,
2024-11-24 03:11:00,3434.33,3434.84,3434.33,3434.84,3434.81,0.56332091,4,3433.3,3433.3,3433.67,361.65,1241652.89,3433.3,multiply,BTC
2024-11-24 03:12:00,3434.84,3434.84,3433.51,3433.51,3434.79,0.63993105,3,3434.62,3433.32,3434.3,190.24,653249.34,3433.85,direct,
2024-11-24 03:13:00,3433.2,3433.61,3432.58,3433.61,3432.77,1.49069599,8,3433.85,3432.42,3433.85,337.16,1157526.15,3433.84,direct,
2024-11-24 03:14:00,3433.6,3434.61,3433.6,3434.6,3434.52,2.20985771,7,3435.19,3433.72,3433.84,133.88,459792.55,3435.13,direct,
2024-11-24 03:15:00,3434.56,3434.56,3433.0,3433.01,3434.07,8.96885633,8,3435.24,3432.0,3435.13,327.03,1122975.92,3432.04,direct,
2024-11-24 03:16:00,3433.0,3433.0,3431.09,3432.98,3431.84,2.37922408,11,3434.03,3430.48,3432.04,322.98,1108738.76,3432.77,direct,
2024-11-24 03:17:00,3433.0,3435.19,3433.0,3435.19,3434.76,0.3939697,8,3436.46,3432.77,3432.77,469.39,1612436.81,3435.96,direct,
2024-11-24 03:18:00,3435.19,3435.32,3435.19,3435.32,3435.19,2.03630297,4,3436.72,3435.45,3435.96,299.85,1030368.57,3435.45,direct,
2024-11-24 03:19:00,3435.0,3435.0,3434.99,3435.0,3434.99,0.68321461,5,3435.54,3433.59,3435.45,357.03,1226203.56,3434.23,direct,
2024-11-24 03:20:00,3435.24,3435.31,3435.0,3435.0,3435.2,0.5047775,7,3435.97,3434.05,3434.23,319.3,1096852.4,3434.65,direct,
2024-11-24 03:21:00,3435.0,3435.0,3434.05,3434.05,3434.43,0.02442072,3,3434.65,3432.79,3434.65,185.69,637624.7,3433.06,direct,
2024-11-24 03:22:00,3433.36,3435.97,3433.36,3433.92,3435.37,29.93245866,32,3435.24,3433.03,3433.06,246.42,846325.34,3433.87,direct,
2024-11-24 03:23:00,3432.61,3432.77,3431.99,3432.2,3432.63,2.20142304,12,3433.87,3430.94,3433.87,303.18,1040506.62,3431.03,direct,
2024-11-24 03:24:00,3431.2,3432.28,3431.2,3432.1,3431.49,17.77697472,12,3432.03,3430.13,3431.03,214.89,737341.16,3430.49,direct,
2024-11-24 03:25:00,3432.1,3432.1,3424.36,3424.6,3431.9,5.52782152,13,3430.68,3423.66,3430.49,1101.74,3774716.11,3423.67,direct,
2024-11-24 03:26:00,3424.36,3426.32,3422.25,3426.32,3423.53,0.43011552,9,3428.0,3422.16,3423.67,843.96,2890859.55,3426.15,direct,
2024-11-24 03:27:00,3427.7,3428.72,3427.7,3428.36,3428.04,1.0301344,9,3429.55,3426.15,3426.15,463.24,1588044.11,3429.02,direct,
2024-11-24 03:28:00,3428.82,3428.82,3426.18,3426.95,3427.51,310.00736142,33,3429.02,3426.56,3429.02,671.29,2300976.09,3426.78,direct,
2024-11-24 03:29:00,3426.27,3426.47,3426.27,3426.47,3426.28,1.0546074,2,3427.09,3426.01,3426.78,269.55,923639.72,3426.53,direct,
2024-11-24 03:30:00,3426.72,3428.0,3425.8,3425.8,3427.65,30.52635103,10,3428.06,3425.39,3426.53,520.34,1783289.55,3425.39,direct,
2024-11-24 03:31:00,3424.38,3425.11,3424.37,3424.38,3424.37,11.57056412,5,3426.26,3424.3,3425.39,515.5,1765646.38,3424.63,direct,
2024-11-24 03:32:00,3424.36,3426.88,3424.36,3426.88,3426.67,0.02452779,2,3427.08,3422.42,3424.63,498.06,1705413.67,3426.99,direct,
2024-11-24 03:33:00,3426.98,3426.98,3426.98,3426.98,3426.98,0.01864615,1,3427.95,3426.58,3426.99,446.28,1529543.51,3427.04,direct,
2024-11-24 03:34:00,3427.42,3428.19,3427.42,3428.19,3427.86,0.00862454,3,3431.12,3427.0,3427.04,348.91,1196391.31,3431.09,direct,
2024-11-24 03:35:00,3428.19,3429.17,3428.19,3429.17,3428.84,0.9238835,12,3431.34,3429.12,3431.09,314.2,1077868.79,3429.58,direct,
2024-11-24 03:36:00,3429.04,3429.04,3429.04,3429.04,3429.04,1.72851835,4,3430.01,3427.85,3429.58,334.38,1146681.73,3429.65,direct,
2024-11-24 03:37:00,3429.86,3429.86,3429.05,3429.05,3429.73,0.26216133,4,3430.24,3428.99,3429.65,215.41,738802.2,3428.99,direct,
2024-11-24 03:38:00,3429.05,3429.05,3427.41,3427.41,3429.02,3.00984391,11,3429.16,3425.68,3428.99,179.91,616581.98,3426.41,direct,
2024-11-24 03:39:00,3427.42,3427.42,3423.42,3424.4,3426.8,0.69136419,7,3426.92,3423.49,3426.41,237.89,814756.06,3424.15,direct,
2024-11-24 03:40:00,3425.37,3425.37,3425.36,3425.36,3425.36,4.43014177,2,3426.59,3423.79,3424.15,250.74,858903.65,3426.43,direct,
2024-11-24 03:41:00,3426.41,3427.3,3425.29,3427.3,3426.94,1.27311688,8,3427.7,3425.75,3426.43,212.06,726615.31,3427.4,direct,
2024-11-24 03:42:00,3426.42,3426.42,3426.05,3426.16,3426.13,0.0487235,3,3427.85,3426.14,3427.4,154.89,530846.04,3426.5,direct,
2024-11-24 03:43:00,3426.84,3426.89,3426.84,3426.89,3426.84,0.04934836,2,3427.44,3424.84,3426.5,149.3,511535.8,3424.89,direct,
2024-11-24 03:44:00,3426.84,3426.95,3424.8,3426.95,3425.23,4.42728851,11,3427.2,3424.89,3424.89,206.42,707311.22,3427.06,direct,
2024-11-24 03:45:00,3426.99,3427.79,3426.99,3427.79,3427.48,0.70679791,12,3428.12,3426.81,3427.06,375.0,1285417.82,3428.04,direct,
2024-11-24 03:46:00,3427.88,3427.88,3427.87,3427.87,3427.87,5.75621463,6,3429.79,3427.45,3428.04,206.45,707882.6,3429.38,direct,
2024-11-24 03:47:00,3427.88,3429.91,3427.88,3429.9,3429.83,6.85120765,28,3428.58,3428.58,3428.35,281.12,963842.46,3428.58,multiply,BTC
2024-11-24 03:48:00,3429.89,3429.89,3429.18,3429.32,3429.35,0.54551602,6,3430.39,3428.92,3430.17,267.16,916299.24,3430.13,direct,
2024-11-24 03:49:00,3429.25,3429.59,3429.24,3429.59,3429.37,0.13267157,5,3430.3,3429.16,3430.13,129.94,445679.43,3429.62,direct,
2024-11-24 03:50:00,3429.75,3429.9,3429.54,3429.9,3429.73,0.37590308,4,3430.69,3429.62,3429.62,187.83,644326.4,3429.88,direct,
2024-11-24 03:51:00,3429.79,3429.79,3429.11,3429.11,3429.63,1.28284975,3,3429.92,3426.44,3429.88,368.83,1264115.71,3427.7,direct,
2024-11-24 03:52:00,3429.11,3429.11,3429.1,3429.1,3429.1,0.40186808,3,3430.41,3426.55,3427.7,274.5,941100.92,3430.4,direct,
2024-11-24 03:53:00,3429.46,3429.47,3429.46,3429.47,3429.46,0.40329148,4,3431.64,3429.51,3430.4,269.26,923613.42,3431.64,direct,
2024-11-24 03:54:00,3429.47,3429.47,3429.1,3429.11,3429.22,0.05353149,4,3431.97,3428.44,3431.64,369.03,1265874.66,3429.03,direct,
2024-11-24 03:55:00,3429.1,3429.1,3425.89,3425.89,3429.05,1.03891139,5,3429.03,3425.96,3429.03,195.75,670874.79,3425.96,direct,
2024-11-24 03:56:00,3426.12,3427.67,3426.1,3427.67,3426.46,0.41703881,4,3427.47,3425.85,3425.96,273.48,937098.2,3427.37,direct,
2024-11-24 03:57:00,3427.08,3429.9,3427.08,3429.9,3427.47,64.83039719,18,3431.77,3427.01,3427.37,512.16,1756349.48,3430.91,direct,
2024-11-24 03:58:00,3429.9,3429.9,3429.89,3429.89,3429.89,1.11920549,5,3431.53,3429.7,3430.91,263.43,903757.68,3430.36,direct,
2024-11-24 03:59:00,3429.89,3429.9,3429.89,3429.9,3429.89,1.06948841,4,3431.14,3429.26,3430.36,213.2,731283.71,3431.1,direct,
2024-11-24 04:00:00,3429.9,3429.9,3429.89,3429.89,3429.89,0.35925482,10,3432.32,3430.34,3431.1,173.38,594952.41,3431.29,direct,
2024-11-24 04:01:00,3429.9,3429.9,3429.9,3429.9,3429.9,0.19092268,7,3431.84,3430.39,3431.29,123.49,423754.56,3430.64,direct,
2024-11-24 04:02:00,3429.9,3429.9,3429.9,3429.9,0.0,0.0,0,3431.1,3428.98,3430.64,180.83,620248.79,3428.99,direct,
2024-11-24 04:03:00,3429.89,3429.9,3429.89,3429.9,3429.89,1.46622791,6,3430.97,3428.99,3428.99,123.93,425085.95,3430.97,direct,
2024-11-24 04:04:00,3429.9,3429.9,3429.9,3429.9,3429.9,1.41722865,5,3432.74,3430.58,3430.97,119.75,410947.55,3431.35,direct,
2024-11-24 04:05:00,3429.9,3431.64,3429.9,3431.64,3429.92,29.78654697,24,3432.51,3431.52,3430.8,421.55,1446973.09,3432.51,multiply,BTC
2024-11-24 04:06:00,3431.8,3435.36,3431.8,3435.36,3432.93,0.27220365,10,3435.72,3434.12,3434.17,134.81,463034.77,3435.47,direct,
2024-11-24 04:07:00,3435.36,3435.36,3435.36,3435.36,3435.36,3.19360809,5,3435.88,3434.04,3435.47,139.06,477712.35,3434.98,direct,
2024-11-24 04:08:00,3435.35,3435.36,3434.56,3434.93,3435.34,13.12379949,12,3435.53,3433.84,3434.98,86.35,296621.51,3434.18,direct,
2024-11-24 04:09:00,3434.82,3434.82,3434.2,3434.2,3434.25,0.61348553,8,3434.88,3434.17,3434.18,76.87,264006.11,3434.54,direct,
2024-11-24 04:10:00,3434.38,3434.75,3434.17,3434.75,3434.73,0.55549062,6,3434.83,3431.78,3434.54,123.92,425511.76,3432.1,direct,
2024-11-24 04:11:00,3432.71,3432.71,3430.41,3430.72,3430.72,0.5668401,7,3432.12,3429.22,3432.1,288.81,990768.37,3429.22,direct,
2024-11-24 04:12:00,3429.89,3431.88,3429.89,3430.47,3430.9,0.39068526,9,3432.57,3429.2,3429.22,224.73,771013.61,3430.12,direct,
2024-11-24 04:13:00,3429.89,3429.9,3429.89,3429.9,3429.89,0.05803831,4,3431.2,3429.45,3430.12,334.84,1148528.67,3430.05,direct,
2024-11-24 04:14:00,3429.89,3429.89,3429.84,3429.84,3429.88,4.59009189,11,3430.51,3429.21,3430.05,194.61,667478.75,3429.83,direct,
2024-11-24 04:15:00,3429.84,3429.85,3426.48,3426.48,3429.79,0.34893259,6,3429.87,3426.64,3429.83,1223.64,4195907.97,3426.64,direct,
2024-11-24 04:16:00,3426.43,3426.92,3425.21,3425.21,3425.67,4.16780352,9,3427.72,3424.58,3426.64,651.82,2234010.5,3424.62,direct,
2024-11-24 04:17:00,3425.16,3425.16,3422.9,3423.98,3422.94,0.92003411,10,3424.64,3420.59,3424.62,270.62,926252.17,3424.64,direct,
2024-11-24 04:18:00,3423.47,3423.47,3422.9,3422.9,3422.97,0.1511573,3,3424.64,3420.87,3424.64,207.66,710737.89,3420.97,direct,
2024-11-24 04:19:00,3422.91,3423.78,3422.91,3423.78,3423.04,0.10921179,6,3426.36,3420.79,3420.97,162.08,554830.08,3426.3,direct,
2024-11-24 04:20:00,3423.73,3423.77,3423.73,3423.77,3423.76,0.22349,2,3426.3,3422.25,3426.3,130.95,448403.27,3422.72,direct,
2024-11-24 04:21:00,3423.73,3423.73,3422.9,3423.72,3423.72,0.59441289,7,3424.85,3422.01,3422.72,212.72,728245.76,3423.66,direct,
2024-11-24 04:22:00,3423.72,3426.23,3423.72,3426.23,3423.81,0.30106927,4,3428.15,3423.61,3423.66,216.81,742813.38,3427.97,direct,
2024-11-24 04:23:00,3426.19,3426.19,3426.14,3426.14,3426.17,0.06139104,6,3428.02,3425.38,3427.97,69.58,238431.45,3425.4,direct,
2024-11-24 04:24:00,3426.14,3426.85,3425.08,3426.85,3425.94,0.34300046,12,3426.77,3424.97,3425.4,64.19,219891.05,3426.77,direct,
2024-11-24 04:25:00,3426.92,3426.92,3426.91,3426.92,3426.91,0.7518235,7,3427.87,3424.9,3426.77,104.38,357671.0,3427.8,direct,
2024-11-24 04:26:00,3427.81,3427.81,3427.24,3427.24,3427.7,0.27780167,5,3428.72,3426.81,3427.8,106.65,365570.35,3426.83,direct,
2024-11-24 04:27:00,3427.11,3427.11,3426.77,3426.77,3426.84,0.84782755,7,3427.86,3426.59,3426.83,63.62,218054.84,3427.64,direct,
2024-11-24 04:28:00,3427.07,3427.17,3426.74,3426.74,3427.06,0.2332934,3,3427.66,3426.12,3427.64,77.5,265597.98,3426.12,direct,
2024-11-24 04:29:00,3426.74,3426.74,3426.74,3426.74,3426.74,0.28809591,2,3426.87,3425.94,3426.12,70.95,243099.67,3426.55,direct,
2024-11-24 04:30:00,3426.74,3426.74,3426.39,3426.39,3426.72,0.19868811,9,3427.23,3425.22,3426.55,130.58,447444.61,3426.39,direct,
2024-11-24 04:31:00,3426.58,3427.1,3426.58,3427.1,3427.08,11.07570795,9,3428.35,3426.17,3426.39,99.01,339340.92,3426.17,direct,
2024-11-24 04:32:00,3427.19,3427.19,3422.91,3422.91,3424.9,10.40924234,14,3426.22,3420.72,3426.17,130.49,446681.85,3421.54,direct,
2024-11-24 04:33:00,3422.91,3422.91,3422.91,3422.91,3422.91,0.12259544,3,3422.98,3419.91,3421.54,168.93,577939.55,3420.19,direct,
2024-11-24 04:34:00,3422.9,3422.9,3417.88,3417.88,3421.46,2.4919841,15,3420.59,3416.07,3420.19,815.08,2786625.76,3418.04,direct,
2024-11-24 04:35:00,3417.88,3417.88,3417.88,3417.88,0.0,0.0,0,3419.08,3415.64,3418.04,184.99,632217.98,3418.2,direct,
2024-11-24 04:36:00,3418.59,3418.59,3417.1,3417.1,3418.17,1.04991079,7,3418.86,3414.57,3418.2,181.18,619015.35,3414.65,direct,
2024-11-24 04:37:00,3417.1,3417.1,3410.7,3410.7,3413.61,3.65889799,20,3415.67,3408.25,3414.65,461.5,1574093.86,3409.24,direct,
2024-11-24 04:38:00,3410.69,3411.16,3410.69,3410.88,3410.88,14.64961619,18,3411.38,3408.27,3409.24,372.66,1270790.45,3408.92,direct,
2024-11-24 04:39:00,3410.88,3410.88,3406.85,3406.95,3408.94,2.87109272,25,3409.78,3406.59,3408.92,402.31,1371174.41,3409.11,direct,
2024-11-24 04:40:00,3408.64,3408.64,3406.02,3406.02,3407.67,0.35894596,13,3410.86,3405.34,3409.11,323.81,1103516.16,3405.48,direct,
2024-11-24 04:41:00,3405.99,3408.21,3405.93,3408.21,3406.13,0.24429169,9,3409.37,3404.15,3405.48,340.73,1160674.33,3408.14,direct,
2024-11-24 04:42:00,3408.17,3408.64,3408.17,3408.64,3408.24,0.03209439,3,3410.02,3407.26,3408.14,236.85,807375.2,3409.67,direct,
2024-11-24 04:43:00,3408.64,3409.81,3408.64,3409.81,3409.6,0.25450689,17,3410.39,3407.58,3409.67,222.76,759469.26,3407.93,direct,
2024-11-24 04:44:00,3409.81,3411.94,3409.81,3411.94,3410.88,1.62504562,15,3412.91,3407.88,3407.93,244.29,833266.15,3412.91,direct,
2024-11-24 04:45:00,3411.94,3413.48,3411.94,3412.97,3413.38,1.73898238,8,3414.14,3410.95,3412.91,164.84,562571.67,3412.79,direct,
2024-11-24 04:46:00,3412.65,3416.11,3412.36,3416.11,3415.29,3.01244632,16,3417.55,3412.24,3412.79,302.62,1033661.45,3416.66,direct,
2024-11-24 04:47:00,3416.0,3416.18,3415.76,3415.76,3415.97,0.12069132,9,3417.25,3415.02,3416.66,92.21,315019.01,3415.15,direct,
2024-11-24 04:48:00,3414.74,3414.86,3411.98,3413.65,3413.44,0.0635325,6,3415.45,3411.83,3415.15,205.72,702271.31,3413.31,direct,
2024-11-24 04:49:00,3414.21,3414.38,3414.21,3414.38,3414.36,0.1370759,4,3416.02,3413.31,3413.31,138.95,474503.67,3414.44,direct,
2024-11-24 04:50:00,3415.94,3415.94,3410.01,3410.01,3410.36,3.14250613,9,3414.47,3408.81,3414.44,296.57,1011709.37,3409.42,direct,
2024-11-24 04:51:00,3410.01,3410.01,3410.01,3410.01,3410.01,0.34837721,2,3410.9,3409.02,3409.42,128.71,438909.2,3409.65,direct,
2024-11-24 04:52:00,3410.01,3410.01,3410.01,3410.01,0.0,0.0,0,3411.33,3408.38,3409.65,351.58,1198509.59,3411.33,direct,
2024-11-24 04:53:00,3410.01,3412.48,3410.01,3412.48,3410.5,0.14971226,4,3413.05,3410.45,3411.33,124.94,426239.91,3413.01,direct,
2024-11-24 04:54:00,3412.6,3412.61,3412.17,3412.61,3412.52,1.01701031,8,3416.17,3411.72,3413.01,174.28,594911.06,3415.92,direct,
2024-11-24 04:55:00,3413.69,3416.18,3413.69,3416.18,3415.75,0.10783028,8,3417.14,3414.89,3415.92,175.94,600972.73,3416.66,direct,
2024-11-24 04:56:00,3416.18,3416.18,3416.06,3416.06,3416.13,0.26161916,2,3417.61,3415.95,3416.66,145.26,496308.98,3416.88,direct,
2024-11-24 04:57:00,3416.18,3416.39,3416.17,3416.39,3416.17,1.02935753,9,3417.23,3416.54,3416.88,70.41,240582.43,3417.07,direct,
2024-11-24 04:58:00,3416.49,3416.52,3416.49,3416.52,3416.5,0.005,2,3419.12,3417.06,3417.07,155.0,529879.03,3418.05,direct,
2024-11-24 04:59:00,3416.52,3418.91,3416.52,3418.79,3418.25,0.21022504,9,3419.15,3417.75,3418.05,115.78,395794.04,3417.89,direct,
2024-11-24 05:00:00,3418.74,3418.74,3417.32,3418.2,3417.89,7.26028479,18,3418.36,3417.51,3417.89,47.13,161085.56,3417.76,direct,
2024-11-24 05:01:00,3417.61,3417.61,3416.51,3416.51,3416.62,5.43141459,18,3417.76,3416.54,3417.76,55.54,189764.57,3416.97,direct,
2024-11-24 05:02:00,3416.44,3416.45,3416.44,3416.45,3416.44,2.00837646,6,3417.16,3416.33,3416.97,69.72,238241.23,3417.09,direct,
2024-11-24 05:03:00,3416.4,3416.4,3416.39,3416.4,3416.39,0.27285588,4,3417.78,3414.83,3417.09,88.7,303064.67,3414.99,direct,
2024-11-24 05:04:00,3416.4,3416.4,3416.39,3416.39,3416.39,2.66949473,7,3417.4,3414.86,3414.99,106.96,365462.9,3416.57,direct,
2024-11-24 05:05:00,3416.4,3416.4,3416.4,3416.4,3416.4,0.00458049,1,3418.29,3416.53,3416.57,75.88,259369.51,3417.35,direct,
2024-11-24 05:06:00,3416.4,3416.4,3416.4,3416.4,0.0,0.0,0,3417.35,3415.53,3417.35,0.0,0.0,3415.53,direct,
